data_file,archive_member,declared_data_file,mapping_method,meter,channel,measurement_kind,measurement_semantics,voltage_response_eligible,unit,base_element,nominal_voltage,data_status,start_time,end_time,row_count,valid_count,missing_value_count,invalid_timestamp_count,duplicate_timestamp_count,out_of_order_timestamp_count,sampling_interval_seconds,expected_timestamp_count,missing_timestamp_count,timestamp_coverage_fraction,minimum,p05,mean,median,p95,maximum,standard_deviation,per_unit_status,mean_per_unit
egauge_1-CT1,magnitudes/egauge_1-CT1.csv,,unmapped,,,unmapped,unmapped,False,,,,populated,2024-11-14T07:00:00,2024-11-15T07:00:00,71175,71175,0,0,0,0,1.0,86401,15226,0.8237751877871784,31.362,41.744,60.58459627725091,63.224,73.6366,109.658,10.015471733340817,not_applicable,
egauge_1-CT2,magnitudes/egauge_1-CT2.csv,,unmapped,,,unmapped,unmapped,False,,,,populated,2024-11-14T07:00:00,2024-11-15T07:00:00,71175,71175,0,0,0,0,1.0,86401,15226,0.8237751877871784,27.53,38.801,56.938651408968504,59.605,68.862,96.77,9.5992537325447,not_applicable,
egauge_1-CT3,magnitudes/egauge_1-CT3.csv,,unmapped,,,unmapped,unmapped,False,,,,populated,2024-11-14T07:00:00,2024-11-15T07:00:00,71175,71175,0,0,0,0,1.0,86401,15226,0.8237751877871784,25.822,37.4251,52.148786321976345,53.742,62.2083,101.757,7.7304604762411016,not_applicable,
egauge_1-L1,magnitudes/egauge_1-L1.csv,,unmapped,,,unmapped,unmapped,False,,,,populated,2024-11-14T07:00:00,2024-11-15T07:00:00,71175,71175,0,0,0,0,1.0,86401,15226,0.8237751877871784,270.714,271.846,273.1174181025641,273.071,274.482,275.392,0.7644443414421201,not_applicable,
egauge_1-L2,magnitudes/egauge_1-L2.csv,,unmapped,,,unmapped,unmapped,False,,,,populated,2024-11-14T07:00:00,2024-11-15T07:00:00,71175,71175,0,0,0,0,1.0,86401,15226,0.8237751877871784,270.307,271.61170000000004,272.92833456925416,272.949,274.289,275.382,0.7712093289730338,not_applicable,
egauge_1-L3,magnitudes/egauge_1-L3.csv,,unmapped,,,unmapped,unmapped,False,,,,populated,2024-11-14T07:00:00,2024-11-15T07:00:00,71175,71175,0,0,0,0,1.0,86401,15226,0.8237751877871784,270.094,271.397,272.66966573281815,272.675,273.988,275.121,0.7492057534979942,not_applicable,
egauge_1-Mains_Power,magnitudes/egauge_1-Mains_Power.csv,,unmapped,,,unmapped,unmapped,False,,,,populated,2024-11-14T07:00:00,2024-11-15T07:00:00,71175,71175,0,0,0,0,1.0,86401,15226,0.8237751877871784,8.409,13.203700000000001,33.856507706591735,38.767,45.1083,68.489,10.708328382456921,not_applicable,
egauge_1-MeterCT_A,magnitudes/egauge_1-MeterCT_A.csv,,unmapped,,,unmapped,unmapped,False,,,,populated,2024-11-14T07:00:00,2024-11-15T07:00:00,71175,71175,0,0,0,0,1.0,86401,15226,0.8237751877871784,0.096,0.121,0.22057184849549236,0.241,0.286,0.455,0.05362702168599796,not_applicable,
egauge_1-MeterCT_B,magnitudes/egauge_1-MeterCT_B.csv,,unmapped,,,unmapped,unmapped,False,,,,populated,2024-11-14T07:00:00,2024-11-15T07:00:00,71175,71175,0,0,0,0,1.0,86401,15226,0.8237751877871784,0.07,0.095,0.19915185317878467,0.224,0.258,0.386,0.05627638435918037,not_applicable,
egauge_1-MeterCT_C,magnitudes/egauge_1-MeterCT_C.csv,,unmapped,,,unmapped,unmapped,False,,,,populated,2024-11-14T07:00:00,2024-11-15T07:00:00,71175,71175,0,0,0,0,1.0,86401,15226,0.8237751877871784,0.061,0.076,0.16212565694883502,0.185,0.21,0.411,0.04739159586216344,not_applicable,
egauge_1-PV1,magnitudes/egauge_1-PV1.csv,,unmapped,,,unmapped,unmapped,False,,,,populated,2024-11-14T07:00:00,2024-11-15T07:00:00,71175,71175,0,0,0,0,1.0,86401,15226,0.8237751877871784,1.263,1.806,11.159867927408968,2.046,37.041,38.684,13.152278464072893,not_applicable,
egauge_1-PV2,magnitudes/egauge_1-PV2.csv,,unmapped,,,unmapped,unmapped,False,,,,populated,2024-11-14T07:00:00,2024-11-15T07:00:00,71175,71175,0,0,0,0,1.0,86401,15226,0.8237751877871784,1.321,1.752,11.385058971314836,1.983,37.859,39.45,13.495607431897552,not_applicable,
egauge_1-PV3,magnitudes/egauge_1-PV3.csv,,unmapped,,,unmapped,unmapped,False,,,,populated,2024-11-14T07:00:00,2024-11-15T07:00:00,71175,71175,0,0,0,0,1.0,86401,15226,0.8237751877871784,1.217,1.758,11.39937752581665,1.99,37.954,39.532,13.518256163366857,not_applicable,
egauge_1-PV_Power,magnitudes/egauge_1-PV_Power.csv,,unmapped,,,unmapped,unmapped,False,,,,populated,2024-11-14T07:00:00,2024-11-15T07:00:00,71175,71175,0,0,0,0,1.0,86401,15226,0.8237751877871784,-0.614,-0.111,8.205117637279008,-0.06,30.623,31.829,11.613657880245496,not_applicable,
egauge_1-TrA_A,magnitudes/egauge_1-TrA_A.csv,,unmapped,,,unmapped,unmapped,False,,,,populated,2024-11-14T07:00:00,2024-11-15T07:00:00,71175,71175,0,0,0,0,1.0,86401,15226,0.8237751877871784,12.28,12.993,14.470869752488,14.168,16.807,22.52,1.2735279145758538,not_applicable,
egauge_1-TrA_B,magnitudes/egauge_1-TrA_B.csv,,unmapped,,,unmapped,unmapped,False,,,,populated,2024-11-14T07:00:00,2024-11-15T07:00:00,71175,71175,0,0,0,0,1.0,86401,15226,0.8237751877871784,12.503,12.99,14.518219900714202,14.138,17.341,22.771,1.4378451741621014,not_applicable,
egauge_1-TrA_C,magnitudes/egauge_1-TrA_C.csv,,unmapped,,,unmapped,unmapped,False,,,,populated,2024-11-14T07:00:00,2024-11-15T07:00:00,71175,71175,0,0,0,0,1.0,86401,15226,0.8237751877871784,8.982,9.36,10.672547387191194,10.233,13.019300000000003,18.406,1.2637462560696118,not_applicable,
egauge_1-TrB_A,magnitudes/egauge_1-TrB_A.csv,,unmapped,,,unmapped,unmapped,False,,,,populated,2024-11-14T07:00:00,2024-11-15T07:00:00,71175,71175,0,0,0,0,1.0,86401,15226,0.8237751877871784,6.077,6.428,7.389154948132536,7.1,8.238,35.555,2.4682229246425913,not_applicable,
egauge_1-TrB_B,magnitudes/egauge_1-TrB_B.csv,,unmapped,,,unmapped,unmapped,False,,,,populated,2024-11-14T07:00:00,2024-11-15T07:00:00,71175,71175,0,0,0,0,1.0,86401,15226,0.8237751877871784,5.578,6.024,6.8010996770869925,6.531,7.338,34.49,2.324564520059226,not_applicable,
egauge_1-TrB_C,magnitudes/egauge_1-TrB_C.csv,,unmapped,,,unmapped,unmapped,False,,,,populated,2024-11-14T07:00:00,2024-11-15T07:00:00,71175,71175,0,0,0,0,1.0,86401,15226,0.8237751877871784,4.518,4.798,5.3580038309331455,5.118,6.548,15.708,0.9837349502511232,not_applicable,
egauge_10-CT1,magnitudes/egauge_10-CT1.csv,egauge_10-CT1,declared_data_file,egauge_10,CT1,current_magnitude,current_magnitude,False,A,cb_139,,populated,2024-11-14T07:00:00,2024-11-15T07:00:00,85816,85816,0,0,0,0,1.0,86401,585,0.9932292450318863,72.614,75.676,84.33791045842266,80.406,128.05875,311.063,17.747686282757684,not_applicable,
egauge_10-CT2,magnitudes/egauge_10-CT2.csv,egauge_10-CT2,declared_data_file,egauge_10,CT2,current_magnitude,current_magnitude,False,A,cb_139,,populated,2024-11-14T07:00:00,2024-11-15T07:00:00,85816,85816,0,0,0,0,1.0,86401,585,0.9932292450318863,62.062,64.827,71.6628025346866,67.835,115.42625000000001,300.128,17.546268557365863,not_applicable,
egauge_10-CT3,magnitudes/egauge_10-CT3.csv,egauge_10-CT3,declared_data_file,egauge_10,CT3,current_magnitude,current_magnitude,False,A,cb_139,,populated,2024-11-14T07:00:00,2024-11-15T07:00:00,85816,85816,0,0,0,0,1.0,86401,585,0.9932292450318863,64.773,68.8025,76.68581059864516,72.573,121.47,307.089,17.902133844811157,not_applicable,
egauge_10-L1,magnitudes/egauge_10-L1.csv,egauge_10-L1,declared_data_file,egauge_10,L1,voltage_magnitude,direct_phase_to_ground_voltage_magnitude,True,V,bus_1089,277.0,populated,2024-11-14T07:00:00,2024-11-15T07:00:00,85816,85816,0,0,0,0,1.0,86401,585,0.9932292450318863,266.789,277.634,279.1042466478668,279.17,280.327,292.208,0.8137784935941261,available,1.007596558295548
egauge_10-L2,magnitudes/egauge_10-L2.csv,egauge_10-L2,declared_data_file,egauge_10,L2,voltage_magnitude,direct_phase_to_ground_voltage_magnitude,True,V,bus_1089,277.0,populated,2024-11-14T07:00:00,2024-11-15T07:00:00,85816,85816,0,0,0,0,1.0,86401,585,0.9932292450318863,267.25,278.091,279.5511789738122,279.578,280.697,293.136,0.8290838562217936,available,1.0092100323964341
egauge_10-L3,magnitudes/egauge_10-L3.csv,egauge_10-L3,declared_data_file,egauge_10,L3,voltage_magnitude,direct_phase_to_ground_voltage_magnitude,True,V,bus_1089,277.0,populated,2024-11-14T07:00:00,2024-11-15T07:00:00,85816,85816,0,0,0,0,1.0,86401,585,0.9932292450318863,266.972,277.7,279.1821653256191,279.252,280.257,292.198,0.8054170182906951,available,1.00787785316108
egauge_10-Mains_Power,magnitudes/egauge_10-Mains_Power.csv,egauge_10-Mains_Power,declared_data_file,egauge_10,Mains_Power,real_power,real_power,False,W,cb_139,,populated,2024-11-14T07:00:00,2024-11-15T07:00:00,85816,85816,0,0,0,0,1.0,86401,585,0.9932292450318863,35.018,37.033,41.20327016562567,39.344,60.151,95.414,7.488730695392858,not_applicable,
egauge_11-CT1,magnitudes/egauge_11-CT1.csv,egauge_11-CT1,declared_data_file,egauge_11,CT1,current_magnitude,current_magnitude,False,A,cb_134,,populated,2024-11-14T07:00:00,2024-11-15T07:00:00,86401,86401,0,0,0,0,1.0,86401,0,1.0,272.999,284.532,300.23875322044887,298.67,321.945,353.093,11.33505136753898,not_applicable,
egauge_11-CT2,magnitudes/egauge_11-CT2.csv,egauge_11-CT2,declared_data_file,egauge_11,CT2,current_magnitude,current_magnitude,False,A,cb_134,,populated,2024-11-14T07:00:00,2024-11-15T07:00:00,86401,86401,0,0,0,0,1.0,86401,0,1.0,246.337,257.508,272.2169848265645,271.076,290.021,314.62,9.836658418398207,not_applicable,
egauge_11-CT3,magnitudes/egauge_11-CT3.csv,egauge_11-CT3,declared_data_file,egauge_11,CT3,current_magnitude,current_magnitude,False,A,cb_134,,populated,2024-11-14T07:00:00,2024-11-15T07:00:00,86401,86401,0,0,0,0,1.0,86401,0,1.0,266.039,275.338,289.59451073482944,286.596,321.787,347.28,12.842776056248606,not_applicable,
egauge_11-L1,magnitudes/egauge_11-L1.csv,egauge_11-L1,declared_data_file,egauge_11,L1,voltage_magnitude,direct_phase_to_ground_voltage_magnitude,True,V,bus_1070,277.0,populated,2024-11-14T07:00:00,2024-11-15T07:00:00,86401,86401,0,0,0,0,1.0,86401,0,1.0,276.105,277.342,278.52764598789366,278.484,279.813,281.044,0.7609906224238467,available,1.00551496746532
egauge_11-L2,magnitudes/egauge_11-L2.csv,egauge_11-L2,declared_data_file,egauge_11,L2,voltage_magnitude,direct_phase_to_ground_voltage_magnitude,True,V,bus_1070,277.0,populated,2024-11-14T07:00:00,2024-11-15T07:00:00,86401,86401,0,0,0,0,1.0,86401,0,1.0,276.596,277.691,278.857701195588,278.851,280.126,281.203,0.7411376920944789,available,1.006706502511148
egauge_11-L3,magnitudes/egauge_11-L3.csv,egauge_11-L3,declared_data_file,egauge_11,L3,voltage_magnitude,direct_phase_to_ground_voltage_magnitude,True,V,bus_1070,277.0,populated,2024-11-14T07:00:00,2024-11-15T07:00:00,86401,86401,0,0,0,0,1.0,86401,0,1.0,276.503,277.66,278.8441857385909,278.835,280.161,281.192,0.7549430610371778,available,1.0066577102476206
egauge_11-Mains_Power,magnitudes/egauge_11-Mains_Power.csv,egauge_11-Mains_Power,declared_data_file,egauge_11,Mains_Power,real_power,real_power,False,W,cb_134,,populated,2024-11-14T07:00:00,2024-11-15T07:00:00,86401,86401,0,0,0,0,1.0,86401,0,1.0,182.327,191.98,204.035788949202,202.199,225.632,243.915,9.660150421341559,not_applicable,
egauge_12-CT1,magnitudes/egauge_12-CT1.csv,egauge_12-CT1,declared_data_file,egauge_12,CT1,current_magnitude,current_magnitude,False,A,cb_136,,populated,2024-11-14T07:00:00,2024-11-15T07:00:00,86401,86401,0,0,0,0,1.0,86401,0,1.0,272.352,282.407,293.82803600652767,291.591,319.036,384.431,11.059890783285603,not_applicable,
egauge_12-CT2,magnitudes/egauge_12-CT2.csv,egauge_12-CT2,declared_data_file,egauge_12,CT2,current_magnitude,current_magnitude,False,A,cb_136,,populated,2024-11-14T07:00:00,2024-11-15T07:00:00,86401,86401,0,0,0,0,1.0,86401,0,1.0,280.599,289.844,300.93685958495854,298.791,324.323,388.41,10.291251161166201,not_applicable,
egauge_12-CT3,magnitudes/egauge_12-CT3.csv,egauge_12-CT3,declared_data_file,egauge_12,CT3,current_magnitude,current_magnitude,False,A,cb_136,,populated,2024-11-14T07:00:00,2024-11-15T07:00:00,86401,86401,0,0,0,0,1.0,86401,0,1.0,266.255,277.977,288.6379472228331,285.923,313.836,374.276,10.746633838833654,not_applicable,
egauge_12-L1,magnitudes/egauge_12-L1.csv,egauge_12-L1,declared_data_file,egauge_12,L1,voltage_magnitude,direct_phase_to_ground_voltage_magnitude,True,V,bus_1076,277.0,populated,2024-11-14T07:00:00,2024-11-15T07:00:00,86401,86401,0,0,0,0,1.0,86401,0,1.0,269.964,279.144,280.52012343607134,280.565,281.701,291.338,0.7551548140772248,available,1.0127080268450228
egauge_12-L2,magnitudes/egauge_12-L2.csv,egauge_12-L2,declared_data_file,egauge_12,L2,voltage_magnitude,direct_phase_to_ground_voltage_magnitude,True,V,bus_1076,277.0,populated,2024-11-14T07:00:00,2024-11-15T07:00:00,86401,86401,0,0,0,0,1.0,86401,0,1.0,270.337,279.212,280.5957807085566,280.604,281.706,291.704,0.7659574092006144,available,1.012981157792623
egauge_12-L3,magnitudes/egauge_12-L3.csv,egauge_12-L3,declared_data_file,egauge_12,L3,voltage_magnitude,direct_phase_to_ground_voltage_magnitude,True,V,bus_1076,277.0,populated,2024-11-14T07:00:00,2024-11-15T07:00:00,86401,86401,0,0,0,0,1.0,86401,0,1.0,269.57,278.894,280.27179662272425,280.325,281.313,290.894,0.7482853665202308,available,1.0118115401542391
egauge_12-Mains_Power,magnitudes/egauge_12-Mains_Power.csv,egauge_12-Mains_Power,declared_data_file,egauge_12,Mains_Power,real_power,real_power,False,W,cb_136,,populated,2024-11-14T07:00:00,2024-11-15T07:00:00,86401,86401,0,0,0,0,1.0,86401,0,1.0,194.055,201.159,210.09116753278317,208.069,232.468,285.283,9.207687310175512,not_applicable,
egauge_13-CT1,magnitudes/egauge_13-CT1.csv,egauge_13-CT1,declared_data_file,egauge_13,CT1,current_magnitude,current_magnitude,False,A,cb_140,,populated,2024-11-14T07:00:00,2024-11-15T07:00:00,86401,86401,0,0,0,0,1.0,86401,0,1.0,161.728,170.522,188.00817350493628,186.48,208.893,304.954,12.750613241430631,not_applicable,
egauge_13-CT2,magnitudes/egauge_13-CT2.csv,egauge_13-CT2,declared_data_file,egauge_13,CT2,current_magnitude,current_magnitude,False,A,cb_140,,populated,2024-11-14T07:00:00,2024-11-15T07:00:00,86401,86401,0,0,0,0,1.0,86401,0,1.0,157.222,167.334,183.0466583720096,180.801,204.927,303.088,12.301369222891696,not_applicable,
egauge_13-CT3,magnitudes/egauge_13-CT3.csv,egauge_13-CT3,declared_data_file,egauge_13,CT3,current_magnitude,current_magnitude,False,A,cb_140,,populated,2024-11-14T07:00:00,2024-11-15T07:00:00,86401,86401,0,0,0,0,1.0,86401,0,1.0,168.29,176.305,191.52382169187857,189.961,210.796,309.695,11.560329090584057,not_applicable,
egauge_13-L1,magnitudes/egauge_13-L1.csv,egauge_13-L1,declared_data_file,egauge_13,L1,voltage_magnitude,direct_phase_to_ground_voltage_magnitude,True,V,bus_1098,277.0,populated,2024-11-14T07:00:00,2024-11-15T07:00:00,86401,86401,0,0,0,0,1.0,86401,0,1.0,278.43,283.458,284.6812979710882,284.735,285.95,291.105,0.7543552090267649,available,1.027730317585156
egauge_13-L2,magnitudes/egauge_13-L2.csv,egauge_13-L2,declared_data_file,egauge_13,L2,voltage_magnitude,direct_phase_to_ground_voltage_magnitude,True,V,bus_1098,277.0,populated,2024-11-14T07:00:00,2024-11-15T07:00:00,86401,86401,0,0,0,0,1.0,86401,0,1.0,277.537,283.324,284.578762468027,284.592,285.847,291.379,0.7549075317434589,available,1.0273601533141767
egauge_13-L3,magnitudes/egauge_13-L3.csv,egauge_13-L3,declared_data_file,egauge_13,L3,voltage_magnitude,direct_phase_to_ground_voltage_magnitude,True,V,bus_1098,277.0,populated,2024-11-14T07:00:00,2024-11-15T07:00:00,86401,86401,0,0,0,0,1.0,86401,0,1.0,277.828,283.522,284.71857912524155,284.719,286.015,291.305,0.7665725144731715,available,1.0278649065893197
egauge_13-Mains_Power,magnitudes/egauge_13-Mains_Power.csv,egauge_13-Mains_Power,declared_data_file,egauge_13,Mains_Power,real_power,real_power,False,W,cb_140,,populated,2024-11-14T07:00:00,2024-11-15T07:00:00,86401,86401,0,0,0,0,1.0,86401,0,1.0,91.332,101.775,111.65014343583985,110.03,124.939,179.556,7.916352753027331,not_applicable,
egauge_14-CT1,magnitudes/egauge_14-CT1.csv,egauge_14-CT1,declared_data_file,egauge_14,CT1,current_magnitude,current_magnitude,False,A,cb_141,,populated,2024-11-14T07:00:00,2024-11-15T07:00:00,86401,86401,0,0,0,0,1.0,86401,0,1.0,238.461,258.307,286.619356014398,287.203,318.652,386.947,18.386707651020224,not_applicable,
egauge_14-CT2,magnitudes/egauge_14-CT2.csv,egauge_14-CT2,declared_data_file,egauge_14,CT2,current_magnitude,current_magnitude,False,A,cb_141,,populated,2024-11-14T07:00:00,2024-11-15T07:00:00,86401,86401,0,0,0,0,1.0,86401,0,1.0,231.332,242.95,267.139178180808,266.99,293.463,362.48,15.469731765870572,not_applicable,
egauge_14-CT3,magnitudes/egauge_14-CT3.csv,egauge_14-CT3,declared_data_file,egauge_14,CT3,current_magnitude,current_magnitude,False,A,cb_141,,populated,2024-11-14T07:00:00,2024-11-15T07:00:00,86401,86401,0,0,0,0,1.0,86401,0,1.0,238.328,252.297,279.2199061584936,279.265,307.371,373.264,16.552792958745137,not_applicable,
egauge_14-L1,magnitudes/egauge_14-L1.csv,egauge_14-L1,declared_data_file,egauge_14,L1,voltage_magnitude,direct_phase_to_ground_voltage_magnitude,True,V,bus_1101,277.0,populated,2024-11-14T07:00:00,2024-11-15T07:00:00,86401,86401,0,0,0,0,1.0,86401,0,1.0,272.662,282.087,283.50110026504314,283.531,284.638,294.76,0.7869291451556588,available,1.0234696760470872
egauge_14-L2,magnitudes/egauge_14-L2.csv,egauge_14-L2,declared_data_file,egauge_14,L2,voltage_magnitude,direct_phase_to_ground_voltage_magnitude,True,V,bus_1101,277.0,populated,2024-11-14T07:00:00,2024-11-15T07:00:00,86401,86401,0,0,0,0,1.0,86401,0,1.0,273.383,282.782,284.172150553813,284.184,285.366,295.726,0.8003768563296303,available,1.025892240266473
egauge_14-L3,magnitudes/egauge_14-L3.csv,egauge_14-L3,declared_data_file,egauge_14,L3,voltage_magnitude,direct_phase_to_ground_voltage_magnitude,True,V,bus_1101,277.0,populated,2024-11-14T07:00:00,2024-11-15T07:00:00,86401,86401,0,0,0,0,1.0,86401,0,1.0,272.484,282.102,283.4979444798093,283.524,284.675,294.734,0.7827673688045242,available,1.0234582833206112
egauge_14-Mains_Power,magnitudes/egauge_14-Mains_Power.csv,egauge_14-Mains_Power,declared_data_file,egauge_14,Mains_Power,real_power,real_power,False,W,cb_141,,populated,2024-11-14T07:00:00,2024-11-15T07:00:00,86401,86401,0,0,0,0,1.0,86401,0,1.0,159.152,170.793,192.7438811935047,193.467,214.222,240.686,13.431409759499791,not_applicable,
egauge_15-CT1,magnitudes/egauge_15-CT1.csv,egauge_15-CT1,declared_data_file,egauge_15,CT1,current_magnitude,current_magnitude,False,A,line_387,,empty,,,0,0,0,0,0,0,,0,0,,,,,,,,,not_available_empty_channel,
egauge_15-CT2,magnitudes/egauge_15-CT2.csv,egauge_15-CT2,declared_data_file,egauge_15,CT2,current_magnitude,current_magnitude,False,A,line_387,,empty,,,0,0,0,0,0,0,,0,0,,,,,,,,,not_available_empty_channel,
egauge_15-CT3,magnitudes/egauge_15-CT3.csv,egauge_15-CT3,declared_data_file,egauge_15,CT3,current_magnitude,current_magnitude,False,A,line_387,,empty,,,0,0,0,0,0,0,,0,0,,,,,,,,,not_available_empty_channel,
egauge_15-CT4,magnitudes/egauge_15-CT4.csv,,unmapped,,,unmapped,unmapped,False,,,,empty,,,0,0,0,0,0,0,,0,0,,,,,,,,,not_available_empty_channel,
egauge_15-CT5,magnitudes/egauge_15-CT5.csv,,unmapped,,,unmapped,unmapped,False,,,,empty,,,0,0,0,0,0,0,,0,0,,,,,,,,,not_available_empty_channel,
egauge_15-CT6,magnitudes/egauge_15-CT6.csv,,unmapped,,,unmapped,unmapped,False,,,,empty,,,0,0,0,0,0,0,,0,0,,,,,,,,,not_available_empty_channel,
egauge_15-L1,magnitudes/egauge_15-L1.csv,egauge_15-L1,declared_data_file,egauge_15,L1,voltage_magnitude,direct_phase_to_ground_voltage_magnitude,True,V,bus_1078,277.0,empty,,,0,0,0,0,0,0,,0,0,,,,,,,,,not_available_empty_channel,
egauge_15-L2,magnitudes/egauge_15-L2.csv,egauge_15-L2,declared_data_file,egauge_15,L2,voltage_magnitude,direct_phase_to_ground_voltage_magnitude,True,V,bus_1078,277.0,empty,,,0,0,0,0,0,0,,0,0,,,,,,,,,not_available_empty_channel,
egauge_15-L3,magnitudes/egauge_15-L3.csv,egauge_15-L3,declared_data_file,egauge_15,L3,voltage_magnitude,direct_phase_to_ground_voltage_magnitude,True,V,bus_1078,277.0,empty,,,0,0,0,0,0,0,,0,0,,,,,,,,,not_available_empty_channel,
egauge_15-Mains_Power,magnitudes/egauge_15-Mains_Power.csv,egauge_15-Mains_Power,declared_data_file,egauge_15,Mains_Power,real_power,real_power,False,W,line_387,,empty,,,0,0,0,0,0,0,,0,0,,,,,,,,,not_available_empty_channel,
egauge_15-RP1_Power,magnitudes/egauge_15-RP1_Power.csv,,unmapped,,,unmapped,unmapped,False,,,,empty,,,0,0,0,0,0,0,,0,0,,,,,,,,,not_available_empty_channel,
egauge_16-CT1,magnitudes/egauge_16-CT1.csv,egauge_16-CT1,declared_data_file,egauge_16,CT1,current_magnitude,current_magnitude,False,A,line_402,,populated,2024-11-14T07:00:00,2024-11-15T07:00:00,86401,86401,0,0,0,0,1.0,86401,0,1.0,9.353,14.607,96.60236637307439,71.959,275.634,300.297,80.636014597952,not_applicable,
egauge_16-CT2,magnitudes/egauge_16-CT2.csv,egauge_16-CT2,declared_data_file,egauge_16,CT2,current_magnitude,current_magnitude,False,A,line_402,,populated,2024-11-14T07:00:00,2024-11-15T07:00:00,86401,86401,0,0,0,0,1.0,86401,0,1.0,11.974,18.195,92.9014753185727,67.253,263.658,290.68,74.71980335561564,not_applicable,
egauge_16-CT3,magnitudes/egauge_16-CT3.csv,egauge_16-CT3,declared_data_file,egauge_16,CT3,current_magnitude,current_magnitude,False,A,line_402,,populated,2024-11-14T07:00:00,2024-11-15T07:00:00,86401,86401,0,0,0,0,1.0,86401,0,1.0,9.952,21.967,96.58397357669472,79.798,257.643,274.623,74.84272334843006,not_applicable,
egauge_16-L1,magnitudes/egauge_16-L1.csv,egauge_16-L1,declared_data_file,egauge_16,L1,voltage_magnitude,direct_phase_to_ground_voltage_magnitude,True,V,bus_1161,277.0,populated,2024-11-14T07:00:00,2024-11-15T07:00:00,86401,86401,0,0,0,0,1.0,86401,0,1.0,274.396,279.172,280.69052014444276,280.754,282.215,286.361,0.879248293006303,available,1.0133231774167608
egauge_16-L2,magnitudes/egauge_16-L2.csv,egauge_16-L2,declared_data_file,egauge_16,L2,voltage_magnitude,direct_phase_to_ground_voltage_magnitude,True,V,bus_1161,277.0,populated,2024-11-14T07:00:00,2024-11-15T07:00:00,86401,86401,0,0,0,0,1.0,86401,0,1.0,274.428,279.252,280.77432557493546,280.848,282.131,287.025,0.8250937058004905,available,1.01362572409724
egauge_16-L3,magnitudes/egauge_16-L3.csv,egauge_16-L3,declared_data_file,egauge_16,L3,voltage_magnitude,direct_phase_to_ground_voltage_magnitude,True,V,bus_1161,277.0,populated,2024-11-14T07:00:00,2024-11-15T07:00:00,86401,86401,0,0,0,0,1.0,86401,0,1.0,274.044,278.941,280.40335167417044,280.534,281.577,286.716,0.780602550424311,available,1.0122864681377994
egauge_16-Mains_Power,magnitudes/egauge_16-Mains_Power.csv,egauge_16-Mains_Power,declared_data_file,egauge_16,Mains_Power,real_power,real_power,False,W,line_402,,populated,2024-11-14T07:00:00,2024-11-15T07:00:00,86401,86401,0,0,0,0,1.0,86401,0,1.0,-240.184,-222.476,-13.99688618187289,19.415,98.748,144.282,100.2239325138556,not_applicable,
egauge_16-NorthPV_A,magnitudes/egauge_16-NorthPV_A.csv,egauge_16-NorthPV_A,declared_data_file,egauge_16,NorthPV_A,current_magnitude,current_magnitude,False,A,line_428,,populated,2024-11-14T07:00:00,2024-11-15T07:00:00,86401,86401,0,0,0,0,1.0,86401,0,1.0,0.51,0.552,68.72198827559866,0.588,262.792,271.265,98.70694147288323,not_applicable,
egauge_16-NorthPV_B,magnitudes/egauge_16-NorthPV_B.csv,egauge_16-NorthPV_B,declared_data_file,egauge_16,NorthPV_B,current_magnitude,current_magnitude,False,A,line_428,,populated,2024-11-14T07:00:00,2024-11-15T07:00:00,86401,86401,0,0,0,0,1.0,86401,0,1.0,0.501,0.544,69.0009420955776,0.591,264.209,272.795,99.18700418716408,not_applicable,
egauge_16-NorthPV_C,magnitudes/egauge_16-NorthPV_C.csv,egauge_16-NorthPV_C,declared_data_file,egauge_16,NorthPV_C,current_magnitude,current_magnitude,False,A,line_428,,populated,2024-11-14T07:00:00,2024-11-15T07:00:00,86401,86401,0,0,0,0,1.0,86401,0,1.0,0.534,0.574,68.63032622307611,0.612,262.826,271.4,98.68975637718165,not_applicable,
egauge_16-NorthPV_Power,magnitudes/egauge_16-NorthPV_Power.csv,egauge_16-NorthPV_Power,declared_data_file,egauge_16,NorthPV_Power,real_power,real_power,False,W,line_428,,populated,2024-11-14T07:00:00,2024-11-15T07:00:00,86401,86401,0,0,0,0,1.0,86401,0,1.0,-0.799,-0.1,57.30500273144986,-0.082,221.705,228.198,83.70930719260505,not_applicable,
egauge_16-PF_A,magnitudes/egauge_16-PF_A.csv,egauge_16-PF_A,declared_data_file,egauge_16,PF_A,current_magnitude,current_magnitude,False,A,line_427,,populated,2024-11-14T07:00:00,2024-11-15T07:00:00,86401,86401,0,0,0,0,1.0,86401,0,1.0,2.405,13.747,106.87816966238816,97.501,227.376,247.387,72.69446880040292,not_applicable,
egauge_16-PF_B,magnitudes/egauge_16-PF_B.csv,egauge_16-PF_B,declared_data_file,egauge_16,PF_B,current_magnitude,current_magnitude,False,A,line_427,,populated,2024-11-14T07:00:00,2024-11-15T07:00:00,86401,86401,0,0,0,0,1.0,86401,0,1.0,6.722,15.415,105.11810795013946,81.455,219.004,256.866,73.99268293184595,not_applicable,
egauge_16-PF_C,magnitudes/egauge_16-PF_C.csv,egauge_16-PF_C,declared_data_file,egauge_16,PF_C,current_magnitude,current_magnitude,False,A,line_427,,populated,2024-11-14T07:00:00,2024-11-15T07:00:00,86401,86401,0,0,0,0,1.0,86401,0,1.0,6.273,22.063,106.76942990243171,91.905,209.451,255.208,70.57812253824214,not_applicable,
egauge_16-PF_Power,magnitudes/egauge_16-PF_Power.csv,egauge_16-PF_Power,declared_data_file,egauge_16,PF_Power,real_power,real_power,False,W,line_427,,populated,2024-11-14T07:00:00,2024-11-15T07:00:00,86401,86401,0,0,0,0,1.0,86401,0,1.0,2.948,14.805,88.65279658800246,73.934,181.186,212.309,60.947223645223225,not_applicable,
egauge_16-SouthPV_A,magnitudes/egauge_16-SouthPV_A.csv,egauge_16-SouthPV_A,declared_data_file,egauge_16,SouthPV_A,current_magnitude,current_magnitude,False,A,line_403,,populated,2024-11-14T07:00:00,2024-11-15T07:00:00,86401,86401,0,0,0,0,1.0,86401,0,1.0,0.502,0.545,55.34666098772006,0.581,213.221,219.674,79.62483182552397,not_applicable,
egauge_16-SouthPV_B,magnitudes/egauge_16-SouthPV_B.csv,egauge_16-SouthPV_B,declared_data_file,egauge_16,SouthPV_B,current_magnitude,current_magnitude,False,A,line_403,,populated,2024-11-14T07:00:00,2024-11-15T07:00:00,86401,86401,0,0,0,0,1.0,86401,0,1.0,0.526,0.562,54.5151192694529,0.604,210.503,216.789,78.53236469793057,not_applicable,
egauge_16-SouthPV_C,magnitudes/egauge_16-SouthPV_C.csv,egauge_16-SouthPV_C,declared_data_file,egauge_16,SouthPV_C,current_magnitude,current_magnitude,False,A,line_403,,populated,2024-11-14T07:00:00,2024-11-15T07:00:00,86401,86401,0,0,0,0,1.0,86401,0,1.0,0.551,0.592,54.86650792236202,0.639,211.88,218.108,79.06028848896482,not_applicable,
egauge_16-SouthPV_Power,magnitudes/egauge_16-SouthPV_Power.csv,egauge_16-SouthPV_Power,declared_data_file,egauge_16,SouthPV_Power,real_power,real_power,False,W,line_403,,populated,2024-11-14T07:00:00,2024-11-15T07:00:00,86401,86401,0,0,0,0,1.0,86401,0,1.0,-0.729,-0.094,45.63651029501974,-0.074,178.208,183.293,66.9085546998913,not_applicable,
egauge_17-CT1,magnitudes/egauge_17-CT1.csv,egauge_17-CT1,declared_data_file,egauge_17,CT1,current_magnitude,current_magnitude,False,A,line_382,,populated,2024-11-14T07:00:00,2024-11-15T07:00:00,86401,86401,0,0,0,0,1.0,86401,0,1.0,259.887,265.75,274.35586836957907,273.388,284.934,304.389,6.118676948557572,not_applicable,
egauge_17-CT2,magnitudes/egauge_17-CT2.csv,egauge_17-CT2,declared_data_file,egauge_17,CT2,current_magnitude,current_magnitude,False,A,line_382,,populated,2024-11-14T07:00:00,2024-11-15T07:00:00,86401,86401,0,0,0,0,1.0,86401,0,1.0,262.62,268.204,276.9352461314105,275.402,288.751,310.723,6.710728186249206,not_applicable,
egauge_17-CT3,magnitudes/egauge_17-CT3.csv,egauge_17-CT3,declared_data_file,egauge_17,CT3,current_magnitude,current_magnitude,False,A,line_382,,populated,2024-11-14T07:00:00,2024-11-15T07:00:00,86401,86401,0,0,0,0,1.0,86401,0,1.0,271.75,278.148,288.8811856807213,287.874,301.958,324.092,7.675413278009346,not_applicable,
egauge_17-L1,magnitudes/egauge_17-L1.csv,,unmapped,,,unmapped,unmapped,False,,,,populated,2024-11-14T07:00:00,2024-11-15T07:00:00,86401,86401,0,0,0,0,1.0,86401,0,1.0,2352.502,2362.24,2372.3654220668745,2372.312,2383.248,2391.739,6.3377203487768075,not_applicable,
egauge_17-L2,magnitudes/egauge_17-L2.csv,,unmapped,,,unmapped,unmapped,False,,,,populated,2024-11-14T07:00:00,2024-11-15T07:00:00,86401,86401,0,0,0,0,1.0,86401,0,1.0,2356.317,2365.624,2375.9737604078655,2375.881,2387.356,2395.538,6.497214973164573,not_applicable,
egauge_17-V_ab,magnitudes/egauge_17-V_ab.csv,egauge_17-V_ab,declared_data_file,egauge_17,V_ab,voltage_magnitude,derived_or_signed_voltage_channel,False,V,bus_1041,1386.0,populated,2024-11-14T07:00:00,2024-11-15T07:00:00,86401,86401,0,0,0,0,1.0,86401,0,1.0,2352.502,2362.24,2372.3654220668745,2372.312,2383.248,2391.739,6.3377203487768075,excluded_derived_or_signed_voltage,
egauge_17-V_bc,magnitudes/egauge_17-V_bc.csv,egauge_17-V_bc,declared_data_file,egauge_17,V_bc,voltage_magnitude,derived_or_signed_voltage_channel,False,V,bus_1041,1386.0,populated,2024-11-14T07:00:00,2024-11-15T07:00:00,86401,86401,0,0,0,0,1.0,86401,0,1.0,-2395.538,-2387.356,-2375.9737604078655,-2375.881,-2365.624,-2356.317,6.497214973164573,excluded_derived_or_signed_voltage,
egauge_17-V_ca,magnitudes/egauge_17-V_ca.csv,egauge_17-V_ca,declared_data_file,egauge_17,V_ca,voltage_magnitude,derived_or_signed_voltage_channel,False,V,bus_1041,1386.0,populated,2024-11-14T07:00:00,2024-11-15T07:00:00,86401,86401,0,0,0,0,1.0,86401,0,1.0,-0.515,1.651,3.608338375713245,3.601,5.516,8.191,1.1594085340325853,excluded_derived_or_signed_voltage,
egauge_18-CT1,magnitudes/egauge_18-CT1.csv,egauge_18-CT1,declared_data_file,egauge_18,CT1,current_magnitude,current_magnitude,False,A,line_384,,populated,2024-11-14T07:00:00,2024-11-15T07:00:00,86401,86401,0,0,0,0,1.0,86401,0,1.0,16.081,19.144,29.42197454890569,26.277,47.682,88.418,9.416926723199271,not_applicable,
egauge_18-CT2,magnitudes/egauge_18-CT2.csv,egauge_18-CT2,declared_data_file,egauge_18,CT2,current_magnitude,current_magnitude,False,A,line_384,,populated,2024-11-14T07:00:00,2024-11-15T07:00:00,86401,86401,0,0,0,0,1.0,86401,0,1.0,15.184,19.498,28.84848469346419,25.997,47.158,83.21,8.98904342134156,not_applicable,
egauge_18-CT3,magnitudes/egauge_18-CT3.csv,egauge_18-CT3,declared_data_file,egauge_18,CT3,current_magnitude,current_magnitude,False,A,line_384,,populated,2024-11-14T07:00:00,2024-11-15T07:00:00,86401,86401,0,0,0,0,1.0,86401,0,1.0,16.172,18.721,30.987484427263578,26.774,56.111,98.952,11.96108133688137,not_applicable,
egauge_18-L1,magnitudes/egauge_18-L1.csv,,unmapped,,,unmapped,unmapped,False,,,,populated,2024-11-14T07:00:00,2024-11-15T07:00:00,86401,86401,0,0,0,0,1.0,86401,0,1.0,2404.264,2427.974,2440.4951040265737,2440.662,2450.383,2480.396,6.777140932358477,not_applicable,
egauge_18-L2,magnitudes/egauge_18-L2.csv,,unmapped,,,unmapped,unmapped,False,,,,populated,2024-11-14T07:00:00,2024-11-15T07:00:00,86401,86401,0,0,0,0,1.0,86401,0,1.0,2405.502,2430.064,2442.48663434451,2443.098,2452.009,2480.956,6.675965053885784,not_applicable,
egauge_18-V_ab,magnitudes/egauge_18-V_ab.csv,egauge_18-V_ab,declared_data_file,egauge_18,V_ab,voltage_magnitude,derived_or_signed_voltage_channel,False,V,bus_1052,1386.0,populated,2024-11-14T07:00:00,2024-11-15T07:00:00,86401,86401,0,0,0,0,1.0,86401,0,1.0,2404.264,2427.974,2440.4951040265737,2440.662,2450.383,2480.396,6.777140932358477,excluded_derived_or_signed_voltage,
egauge_18-V_bc,magnitudes/egauge_18-V_bc.csv,egauge_18-V_bc,declared_data_file,egauge_18,V_bc,voltage_magnitude,derived_or_signed_voltage_channel,False,V,bus_1052,1386.0,populated,2024-11-14T07:00:00,2024-11-15T07:00:00,86401,86401,0,0,0,0,1.0,86401,0,1.0,-2480.956,-2452.009,-2442.48663434451,-2443.098,-2430.064,-2405.502,6.675965053885784,excluded_derived_or_signed_voltage,
egauge_18-V_ca,magnitudes/egauge_18-V_ca.csv,egauge_18-V_ca,declared_data_file,egauge_18,V_ca,voltage_magnitude,derived_or_signed_voltage_channel,False,V,bus_1052,1386.0,populated,2024-11-14T07:00:00,2024-11-15T07:00:00,86401,86401,0,0,0,0,1.0,86401,0,1.0,-7.233,-0.841,1.99152980868277,2.119,4.633,7.857,1.7200026064575622,excluded_derived_or_signed_voltage,
egauge_19-CT1,magnitudes/egauge_19-CT1.csv,egauge_19-CT1,declared_data_file,egauge_19,CT1,current_magnitude,current_magnitude,False,A,line_379,,populated,2024-11-14T07:00:00,2024-11-15T07:00:00,86401,86401,0,0,0,0,1.0,86401,0,1.0,160.379,162.896,168.9782515248666,168.372,176.972,183.859,4.470849374002835,not_applicable,
egauge_19-CT2,magnitudes/egauge_19-CT2.csv,egauge_19-CT2,declared_data_file,egauge_19,CT2,current_magnitude,current_magnitude,False,A,line_379,,populated,2024-11-14T07:00:00,2024-11-15T07:00:00,86401,86401,0,0,0,0,1.0,86401,0,1.0,161.403,163.814,170.46662420573836,169.935,179.035,186.379,5.000409388431472,not_applicable,
egauge_19-CT3,magnitudes/egauge_19-CT3.csv,egauge_19-CT3,declared_data_file,egauge_19,CT3,current_magnitude,current_magnitude,False,A,line_379,,populated,2024-11-14T07:00:00,2024-11-15T07:00:00,86401,86401,0,0,0,0,1.0,86401,0,1.0,164.428,166.862,173.53099831020478,173.235,182.589,190.107,5.113340998481952,not_applicable,
egauge_19-L1,magnitudes/egauge_19-L1.csv,egauge_19-L1,declared_data_file,egauge_19,L1,voltage_magnitude,direct_phase_to_ground_voltage_magnitude,True,V,bus_1032,9526.3,populated,2024-11-14T07:00:00,2024-11-15T07:00:00,86401,86401,0,0,0,0,1.0,86401,0,1.0,9591.491,9626.591,9669.681943461304,9669.251,9716.092,9755.231,26.87448347359546,available,1.0150511681829573
egauge_19-L2,magnitudes/egauge_19-L2.csv,egauge_19-L2,declared_data_file,egauge_19,L2,voltage_magnitude,direct_phase_to_ground_voltage_magnitude,True,V,bus_1032,9526.3,populated,2024-11-14T07:00:00,2024-11-15T07:00:00,86401,86401,0,0,0,0,1.0,86401,0,1.0,9634.723,9675.195,9720.178954363953,9719.1,9768.872,9803.497,27.75244527877209,available,1.0203519681685391
egauge_19-L3,magnitudes/egauge_19-L3.csv,egauge_19-L3,declared_data_file,egauge_19,L3,voltage_magnitude,direct_phase_to_ground_voltage_magnitude,True,V,bus_1032,9526.3,populated,2024-11-14T07:00:00,2024-11-15T07:00:00,86401,86401,0,0,0,0,1.0,86401,0,1.0,9662.432,9697.978,9743.834302670108,9738.829,9794.946,9841.563,29.265101674677496,available,1.0228351303937635
egauge_19-Mains_Power,magnitudes/egauge_19-Mains_Power.csv,egauge_19-Mains_Power,declared_data_file,egauge_19,Mains_Power,real_power,real_power,False,W,line_379,,populated,2024-11-14T07:00:00,2024-11-15T07:00:00,86401,86401,0,0,0,0,1.0,86401,0,1.0,4284.396,4357.447,4550.807295239638,4539.717,4803.701,5008.425,145.96685240001338,not_applicable,
egauge_2-CRAC_ampsA,magnitudes/egauge_2-CRAC_ampsA.csv,,unmapped,,,unmapped,unmapped,False,,,,populated,2024-11-14T07:00:00,2024-11-15T07:00:00,86401,86401,0,0,0,0,1.0,86401,0,1.0,5.337,5.458,10.605597053274847,14.096,16.437,23.906,5.201188843281598,not_applicable,
egauge_2-CRAC_ampsB,magnitudes/egauge_2-CRAC_ampsB.csv,,unmapped,,,unmapped,unmapped,False,,,,populated,2024-11-14T07:00:00,2024-11-15T07:00:00,86401,86401,0,0,0,0,1.0,86401,0,1.0,4.995,5.11,8.683164430967235,5.167,16.25,23.688,4.734927007771375,not_applicable,
egauge_2-CRAC_ampsC,magnitudes/egauge_2-CRAC_ampsC.csv,,unmapped,,,unmapped,unmapped,False,,,,populated,2024-11-14T07:00:00,2024-11-15T07:00:00,86401,86401,0,0,0,0,1.0,86401,0,1.0,5.111,5.2,9.25459466904318,5.249,16.333,23.619,5.148778255067896,not_applicable,
egauge_2-CT1,magnitudes/egauge_2-CT1.csv,,unmapped,,,unmapped,unmapped,False,,,,populated,2024-11-14T07:00:00,2024-11-15T07:00:00,86401,86401,0,0,0,0,1.0,86401,0,1.0,273.23,292.989,326.1074632006573,324.001,362.79,382.123,21.548616967645007,not_applicable,
egauge_2-CT2,magnitudes/egauge_2-CT2.csv,,unmapped,,,unmapped,unmapped,False,,,,populated,2024-11-14T07:00:00,2024-11-15T07:00:00,86401,86401,0,0,0,0,1.0,86401,0,1.0,250.989,277.209,310.43727376997947,308.154,348.171,369.091,22.34201757518319,not_applicable,
egauge_2-CT3,magnitudes/egauge_2-CT3.csv,,unmapped,,,unmapped,unmapped,False,,,,populated,2024-11-14T07:00:00,2024-11-15T07:00:00,86401,86401,0,0,0,0,1.0,86401,0,1.0,286.77,306.005,340.462988391338,337.176,380.625,398.435,23.14255319257671,not_applicable,
egauge_2-L1,magnitudes/egauge_2-L1.csv,,unmapped,,,unmapped,unmapped,False,,,,populated,2024-11-14T07:00:00,2024-11-15T07:00:00,86401,86401,0,0,0,0,1.0,86401,0,1.0,269.773,275.445,276.84774415805373,276.8,278.288,283.043,0.8411759206941881,not_applicable,
egauge_2-L2,magnitudes/egauge_2-L2.csv,,unmapped,,,unmapped,unmapped,False,,,,populated,2024-11-14T07:00:00,2024-11-15T07:00:00,86401,86401,0,0,0,0,1.0,86401,0,1.0,268.357,274.096,275.51575225981185,275.525,277.074,281.665,0.8612953133144955,not_applicable,
egauge_2-L3,magnitudes/egauge_2-L3.csv,,unmapped,,,unmapped,unmapped,False,,,,populated,2024-11-14T07:00:00,2024-11-15T07:00:00,86401,86401,0,0,0,0,1.0,86401,0,1.0,268.9,273.995,275.2830752074629,275.219,276.667,281.076,0.7641636111602997,not_applicable,
egauge_2-Mains_Power,magnitudes/egauge_2-Mains_Power.csv,,unmapped,,,unmapped,unmapped,False,,,,populated,2024-11-14T07:00:00,2024-11-15T07:00:00,86401,86401,0,0,0,0,1.0,86401,0,1.0,225.384,242.445,269.16675050057296,267.118,300.807,314.552,18.00594699674241,not_applicable,
egauge_2-PDU1_ampsA,magnitudes/egauge_2-PDU1_ampsA.csv,,unmapped,,,unmapped,unmapped,False,,,,populated,2024-11-14T07:00:00,2024-11-15T07:00:00,86401,86401,0,0,0,0,1.0,86401,0,1.0,32.13,32.826,35.5478247589727,35.752,37.257,38.915,1.2224083029197614,not_applicable,
egauge_2-PDU1_ampsB,magnitudes/egauge_2-PDU1_ampsB.csv,,unmapped,,,unmapped,unmapped,False,,,,populated,2024-11-14T07:00:00,2024-11-15T07:00:00,86401,86401,0,0,0,0,1.0,86401,0,1.0,27.955,28.503,29.945244244858284,29.536,32.56,34.864,1.278299940507559,not_applicable,
egauge_2-PDU1_ampsC,magnitudes/egauge_2-PDU1_ampsC.csv,,unmapped,,,unmapped,unmapped,False,,,,populated,2024-11-14T07:00:00,2024-11-15T07:00:00,86401,86401,0,0,0,0,1.0,86401,0,1.0,36.383,37.708,39.36066577933126,38.903,42.081,43.545,1.3665938169934726,not_applicable,
egauge_2-PDU2_ampsA,magnitudes/egauge_2-PDU2_ampsA.csv,,unmapped,,,unmapped,unmapped,False,,,,populated,2024-11-14T07:00:00,2024-11-15T07:00:00,86401,86401,0,0,0,0,1.0,86401,0,1.0,89.506,103.647,123.6815789516325,124.919,141.232,154.195,11.263837814810405,not_applicable,
egauge_2-PDU2_ampsB,magnitudes/egauge_2-PDU2_ampsB.csv,,unmapped,,,unmapped,unmapped,False,,,,populated,2024-11-14T07:00:00,2024-11-15T07:00:00,86401,86401,0,0,0,0,1.0,86401,0,1.0,92.424,106.866,123.88742214789181,124.882,139.772,156.27,10.027381480555169,not_applicable,
egauge_2-PDU2_ampsC,magnitudes/egauge_2-PDU2_ampsC.csv,,unmapped,,,unmapped,unmapped,False,,,,populated,2024-11-14T07:00:00,2024-11-15T07:00:00,86401,86401,0,0,0,0,1.0,86401,0,1.0,98.542,113.458,132.37200113424612,133.237,150.011,163.901,10.965928869292725,not_applicable,
egauge_2-PDU3_ampsA,magnitudes/egauge_2-PDU3_ampsA.csv,,unmapped,,,unmapped,unmapped,False,,,,populated,2024-11-14T07:00:00,2024-11-15T07:00:00,86401,86401,0,0,0,0,1.0,86401,0,1.0,140.213,148.425,166.85328227682552,160.8,197.274,206.202,15.928391010376748,not_applicable,
egauge_2-PDU3_ampsB,magnitudes/egauge_2-PDU3_ampsB.csv,,unmapped,,,unmapped,unmapped,False,,,,populated,2024-11-14T07:00:00,2024-11-15T07:00:00,86401,86401,0,0,0,0,1.0,86401,0,1.0,129.212,137.903,155.2478504299719,148.015,186.904,194.006,16.446507988704607,not_applicable,
egauge_2-PDU3_ampsC,magnitudes/egauge_2-PDU3_ampsC.csv,,unmapped,,,unmapped,unmapped,False,,,,populated,2024-11-14T07:00:00,2024-11-15T07:00:00,86401,86401,0,0,0,0,1.0,86401,0,1.0,140.689,149.391,166.79432653557248,159.639,197.58,203.762,16.268548906615784,not_applicable,
egauge_20-CT1,magnitudes/egauge_20-CT1.csv,egauge_20-CT1,declared_data_file,egauge_20,CT1,current_magnitude,current_magnitude,False,A,line_383,,populated,2024-11-14T07:00:00,2024-11-15T07:00:00,86401,86401,0,0,0,0,1.0,86401,0,1.0,3.14,3.549,5.2200276269950585,4.682,8.337,14.802,1.5431133318080918,not_applicable,
egauge_20-CT2,magnitudes/egauge_20-CT2.csv,egauge_20-CT2,declared_data_file,egauge_20,CT2,current_magnitude,current_magnitude,False,A,line_383,,populated,2024-11-14T07:00:00,2024-11-15T07:00:00,86401,86401,0,0,0,0,1.0,86401,0,1.0,3.047,3.375,4.988391176028055,4.541,8.211,13.924,1.5441753575152408,not_applicable,
egauge_20-CT3,magnitudes/egauge_20-CT3.csv,egauge_20-CT3,declared_data_file,egauge_20,CT3,current_magnitude,current_magnitude,False,A,line_383,,populated,2024-11-14T07:00:00,2024-11-15T07:00:00,86401,86401,0,0,0,0,1.0,86401,0,1.0,3.041,3.414,4.724893947986713,4.366,6.945,12.396,1.161266074228169,not_applicable,
egauge_20-L1,magnitudes/egauge_20-L1.csv,egauge_20-L1,declared_data_file,egauge_20,L1,voltage_magnitude,direct_phase_to_ground_voltage_magnitude,True,V,bus_1040,9526.3,populated,2024-11-14T07:00:00,2024-11-15T07:00:00,86401,86401,0,0,0,0,1.0,86401,0,1.0,9439.867,9831.144,9881.908903195566,9882.77,9923.497,10335.026,27.541386038069447,available,1.037329173256728
egauge_20-L2,magnitudes/egauge_20-L2.csv,egauge_20-L2,declared_data_file,egauge_20,L2,voltage_magnitude,direct_phase_to_ground_voltage_magnitude,True,V,bus_1040,9526.3,populated,2024-11-14T07:00:00,2024-11-15T07:00:00,86401,86401,0,0,0,0,1.0,86401,0,1.0,9421.445,9833.027,9883.583814411868,9886.153,9926.969,10339.749,28.12811760868718,available,1.037504992957588
egauge_20-L3,magnitudes/egauge_20-L3.csv,egauge_20-L3,declared_data_file,egauge_20,L3,voltage_magnitude,direct_phase_to_ground_voltage_magnitude,True,V,bus_1040,9526.3,populated,2024-11-14T07:00:00,2024-11-15T07:00:00,86401,86401,0,0,0,0,1.0,86401,0,1.0,9440.013,9840.565,9893.432130067938,9893.735,9942.999,10325.624,30.28531530903799,available,1.0385387957620418
egauge_20-Mains_Power,magnitudes/egauge_20-Mains_Power.csv,egauge_20-Mains_Power,declared_data_file,egauge_20,Mains_Power,real_power,real_power,False,W,line_383,,populated,2024-11-14T07:00:00,2024-11-15T07:00:00,86401,86401,0,0,0,0,1.0,86401,0,1.0,-93.249,-31.913,54.89667581393733,41.887,176.016,385.552,65.1808837514058,not_applicable,
egauge_21-CT1,magnitudes/egauge_21-CT1.csv,egauge_21-CT1,declared_data_file,egauge_21,CT1,current_magnitude,current_magnitude,False,A,line_381,,populated,2024-11-14T07:00:00,2024-11-15T07:00:00,86401,86401,0,0,0,0,1.0,86401,0,1.0,37.094,37.856,39.00428547123297,38.834,40.499,43.422,0.8542910171940663,not_applicable,
egauge_21-CT2,magnitudes/egauge_21-CT2.csv,egauge_21-CT2,declared_data_file,egauge_21,CT2,current_magnitude,current_magnitude,False,A,line_381,,populated,2024-11-14T07:00:00,2024-11-15T07:00:00,86401,86401,0,0,0,0,1.0,86401,0,1.0,38.805,39.666,41.10489773266513,40.915,42.995,46.039,1.0723025760425868,not_applicable,
egauge_21-CT3,magnitudes/egauge_21-CT3.csv,egauge_21-CT3,declared_data_file,egauge_21,CT3,current_magnitude,current_magnitude,False,A,line_381,,populated,2024-11-14T07:00:00,2024-11-15T07:00:00,86401,86401,0,0,0,0,1.0,86401,0,1.0,38.411,39.364,40.777275205148094,40.645,42.457,45.472,0.994168577627925,not_applicable,
egauge_21-L1,magnitudes/egauge_21-L1.csv,egauge_21-L1,declared_data_file,egauge_21,L1,voltage_magnitude,direct_phase_to_ground_voltage_magnitude,True,V,bus_1038,9526.3,populated,2024-11-14T07:00:00,2024-11-15T07:00:00,86401,86401,0,0,0,0,1.0,86401,0,1.0,9590.519,9664.668,9707.242081538408,9706.814,9753.297,9841.344,26.716024351695744,available,1.0189939516431783
egauge_21-L2,magnitudes/egauge_21-L2.csv,egauge_21-L2,declared_data_file,egauge_21,L2,voltage_magnitude,direct_phase_to_ground_voltage_magnitude,True,V,bus_1038,9526.3,populated,2024-11-14T07:00:00,2024-11-15T07:00:00,86401,86401,0,0,0,0,1.0,86401,0,1.0,9633.175,9671.692,9716.088271513061,9714.283,9763.825,9829.263,27.597360610759004,available,1.0199225587597558
egauge_21-L3,magnitudes/egauge_21-L3.csv,egauge_21-L3,declared_data_file,egauge_21,L3,voltage_magnitude,direct_phase_to_ground_voltage_magnitude,True,V,bus_1038,9526.3,populated,2024-11-14T07:00:00,2024-11-15T07:00:00,86401,86401,0,0,0,0,1.0,86401,0,1.0,9654.615,9698.374,9743.985813752155,9739.133,9794.747,9879.533,29.112060689874905,available,1.0228510348983504
egauge_21-Mains_Power,magnitudes/egauge_21-Mains_Power.csv,egauge_21-Mains_Power,declared_data_file,egauge_21,Mains_Power,real_power,real_power,False,W,line_381,,populated,2024-11-14T07:00:00,2024-11-15T07:00:00,86401,86401,0,0,0,0,1.0,86401,0,1.0,944.554,967.139,1003.0647436488005,999.101,1048.224,1132.451,26.19725933060271,not_applicable,
egauge_22-CT1,magnitudes/egauge_22-CT1.csv,egauge_22-CT1,declared_data_file,egauge_22,CT1,current_magnitude,current_magnitude,False,A,line_429,,populated,2024-11-14T07:00:00,2024-11-15T07:00:00,85819,85819,0,0,0,0,1.0,86401,582,0.9932639668522355,706.914,809.3174,889.7515130270297,878.829,974.369,1004.538,52.320602260343954,not_applicable,
egauge_22-CT10,magnitudes/egauge_22-CT10.csv,egauge_22-CT10,declared_data_file,egauge_22,CT10,current_magnitude,current_magnitude,False,A,inv_8,,populated,2024-11-14T07:00:00,2024-11-15T07:00:00,85819,85819,0,0,0,0,1.0,86401,582,0.9932639668522355,179.507,200.3229,214.0243467571283,213.158,226.5741,232.702,8.069321115455933,not_applicable,
egauge_22-CT11,magnitudes/egauge_22-CT11.csv,egauge_22-CT11,declared_data_file,egauge_22,CT11,current_magnitude,current_magnitude,False,A,inv_8,,populated,2024-11-14T07:00:00,2024-11-15T07:00:00,85819,85819,0,0,0,0,1.0,86401,582,0.9932639668522355,179.802,200.4647,214.15578642841334,213.38,226.625,232.622,8.025091680947087,not_applicable,
egauge_22-CT12,magnitudes/egauge_22-CT12.csv,egauge_22-CT12,declared_data_file,egauge_22,CT12,current_magnitude,current_magnitude,False,A,inv_8,,populated,2024-11-14T07:00:00,2024-11-15T07:00:00,85819,85819,0,0,0,0,1.0,86401,582,0.9932639668522355,180.135,201.0349,214.71183898048994,213.909,227.137,233.296,8.00913160218751,not_applicable,
egauge_22-CT13,magnitudes/egauge_22-CT13.csv,egauge_22-CT13,declared_data_file,egauge_22,CT13,current_magnitude,current_magnitude,False,A,inv_9,,populated,2024-11-14T07:00:00,2024-11-15T07:00:00,85819,85819,0,0,0,0,1.0,86401,582,0.9932639668522355,126.855,149.742,163.50581164621667,163.581,174.8511,181.403,7.774817903084212,not_applicable,
egauge_22-CT14,magnitudes/egauge_22-CT14.csv,egauge_22-CT14,declared_data_file,egauge_22,CT14,current_magnitude,current_magnitude,False,A,inv_9,,populated,2024-11-14T07:00:00,2024-11-15T07:00:00,85819,85819,0,0,0,0,1.0,86401,582,0.9932639668522355,127.844,150.8318,164.5865838650726,164.706,175.868,182.442,7.748708345769091,not_applicable,
egauge_22-CT15,magnitudes/egauge_22-CT15.csv,egauge_22-CT15,declared_data_file,egauge_22,CT15,current_magnitude,current_magnitude,False,A,inv_9,,populated,2024-11-14T07:00:00,2024-11-15T07:00:00,85819,85819,0,0,0,0,1.0,86401,582,0.9932639668522355,128.086,150.894,164.65002739234123,164.759,175.955,182.758,7.760622467250977,not_applicable,
egauge_22-CT16,magnitudes/egauge_22-CT16.csv,egauge_22-C16,explicit_source_filename_alias,egauge_22,CT16,current_magnitude,current_magnitude,False,A,inv_10,,populated,2024-11-14T07:00:00,2024-11-15T07:00:00,85819,85819,0,0,0,0,1.0,86401,582,0.9932639668522355,81.235,102.764,116.77701486209348,115.886,129.672,136.045,8.236493473205297,not_applicable,
egauge_22-CT17,magnitudes/egauge_22-CT17.csv,egauge_22-CT17,declared_data_file,egauge_22,CT17,current_magnitude,current_magnitude,False,A,inv_10,,populated,2024-11-14T07:00:00,2024-11-15T07:00:00,85819,85819,0,0,0,0,1.0,86401,582,0.9932639668522355,81.507,103.1369,117.16951595198424,116.31,130.036,136.426,8.228828262929891,not_applicable,
egauge_22-CT18,magnitudes/egauge_22-CT18.csv,egauge_22-CT18,declared_data_file,egauge_22,CT18,current_magnitude,current_magnitude,False,A,inv_10,,populated,2024-11-14T07:00:00,2024-11-15T07:00:00,85819,85819,0,0,0,0,1.0,86401,582,0.9932639668522355,80.8,102.372,116.39118121880547,115.515,129.255,135.692,8.22615009078965,not_applicable,
egauge_22-CT2,magnitudes/egauge_22-CT2.csv,egauge_22-CT2,declared_data_file,egauge_22,CT2,current_magnitude,current_magnitude,False,A,line_429,,populated,2024-11-14T07:00:00,2024-11-15T07:00:00,85819,85819,0,0,0,0,1.0,86401,582,0.9932639668522355,705.317,808.0619,888.7604691698031,877.871,973.4841,1003.189,52.426516065818355,not_applicable,
egauge_22-CT3,magnitudes/egauge_22-CT3.csv,egauge_22-CT3,declared_data_file,egauge_22,CT3,current_magnitude,current_magnitude,False,A,line_429,,populated,2024-11-14T07:00:00,2024-11-15T07:00:00,85819,85819,0,0,0,0,1.0,86401,582,0.9932639668522355,706.414,810.5165000000001,891.810185646341,880.788,977.316,1006.974,52.88088191784654,not_applicable,
egauge_22-CT4,magnitudes/egauge_22-CT4.csv,egauge_22-CT4,declared_data_file,egauge_22,CT4,current_magnitude,current_magnitude,False,A,inv_6,,populated,2024-11-14T07:00:00,2024-11-15T07:00:00,85819,85819,0,0,0,0,1.0,86401,582,0.9932639668522355,187.578,207.856,221.64536148716095,220.765,234.32,240.541,8.124258850898784,not_applicable,
egauge_22-CT5,magnitudes/egauge_22-CT5.csv,egauge_22-CT5,declared_data_file,egauge_22,CT5,current_magnitude,current_magnitude,False,A,inv_6,,populated,2024-11-14T07:00:00,2024-11-15T07:00:00,85819,85819,0,0,0,0,1.0,86401,582,0.9932639668522355,188.021,208.3769,222.13875757194404,221.33,234.6931,240.857,8.065079709354142,not_applicable,
egauge_22-CT6,magnitudes/egauge_22-CT6.csv,egauge_22-CT6,declared_data_file,egauge_22,CT6,current_magnitude,current_magnitude,False,A,inv_6,,populated,2024-11-14T07:00:00,2024-11-15T07:00:00,85819,85819,0,0,0,0,1.0,86401,582,0.9932639668522355,188.304,208.625,222.4078171818983,221.554,235.029,241.53,8.103449422643159,not_applicable,
egauge_22-CT7,magnitudes/egauge_22-CT7.csv,egauge_22-CT7,declared_data_file,egauge_22,CT7,current_magnitude,current_magnitude,False,A,inv_7,,populated,2024-11-14T07:00:00,2024-11-15T07:00:00,85819,85819,0,0,0,0,1.0,86401,582,0.9932639668522355,132.496,153.36,179.45089154344222,167.218,215.196,221.068,23.22729208225691,not_applicable,
egauge_22-CT8,magnitudes/egauge_22-CT8.csv,egauge_22-CT8,declared_data_file,egauge_22,CT8,current_magnitude,current_magnitude,False,A,inv_7,,populated,2024-11-14T07:00:00,2024-11-15T07:00:00,85819,85819,0,0,0,0,1.0,86401,582,0.9932639668522355,132.63,153.6959,179.8384313306688,167.62,215.612,221.494,23.23900095048337,not_applicable,
egauge_22-CT9,magnitudes/egauge_22-CT9.csv,egauge_22-CT9,declared_data_file,egauge_22,CT9,current_magnitude,current_magnitude,False,A,inv_7,,populated,2024-11-14T07:00:00,2024-11-15T07:00:00,85819,85819,0,0,0,0,1.0,86401,582,0.9932639668522355,131.89,152.9859,179.08737449088582,166.866,214.823,220.773,23.229938810651884,not_applicable,
egauge_22-L1,magnitudes/egauge_22-L1.csv,egauge_22-L1,declared_data_file,egauge_22,L1,voltage_magnitude,direct_phase_to_ground_voltage_magnitude,True,V,bus_1176,277.0,populated,2024-11-14T07:00:00,2024-11-15T07:00:00,85819,85819,0,0,0,0,1.0,86401,582,0.9932639668522355,284.232,287.061,288.57992035097124,288.603,289.902,292.319,0.8727591248523178,available,1.0418047666100045
egauge_22-L2,magnitudes/egauge_22-L2.csv,egauge_22-L2,declared_data_file,egauge_22,L2,voltage_magnitude,direct_phase_to_ground_voltage_magnitude,True,V,bus_1176,277.0,populated,2024-11-14T07:00:00,2024-11-15T07:00:00,85819,85819,0,0,0,0,1.0,86401,582,0.9932639668522355,284.138,286.696,288.26895700311127,288.242,289.831,291.76,0.9655869395050168,available,1.0406821552458891
egauge_22-L3,magnitudes/egauge_22-L3.csv,egauge_22-L3,declared_data_file,egauge_22,L3,voltage_magnitude,direct_phase_to_ground_voltage_magnitude,True,V,bus_1176,277.0,populated,2024-11-14T07:00:00,2024-11-15T07:00:00,85819,85819,0,0,0,0,1.0,86401,582,0.9932639668522355,284.113,286.552,288.15588293889846,288.18,289.6,291.622,0.9220722926109327,available,1.0402739456277923
egauge_22-Mains_Power,magnitudes/egauge_22-Mains_Power.csv,egauge_22-Mains_Power,declared_data_file,egauge_22,Mains_Power,real_power,real_power,False,W,line_429,,populated,2024-11-14T07:00:00,2024-11-15T07:00:00,85819,85819,0,0,0,0,1.0,86401,582,0.9932639668522355,-746.69,-725.8904,-661.2430394044442,-652.457,-601.449,-523.775,39.23151593381958,not_applicable,
egauge_22-es1_Power,magnitudes/egauge_22-es1_Power.csv,egauge_22-es1_Power,declared_data_file,egauge_22,es1_Power,real_power,real_power,False,W,inv_6,,populated,2024-11-14T07:00:00,2024-11-15T07:00:00,85819,85819,0,0,0,0,1.0,86401,582,0.9932639668522355,137.305,152.7539,163.25841260093918,162.546,173.3101,177.175,6.243739391376782,not_applicable,
egauge_22-es2_Power,magnitudes/egauge_22-es2_Power.csv,egauge_22-es2_Power,declared_data_file,egauge_22,es2_Power,real_power,real_power,False,W,inv_7,,populated,2024-11-14T07:00:00,2024-11-15T07:00:00,85819,85819,0,0,0,0,1.0,86401,582,0.9932639668522355,96.753,111.9019,131.39822605619577,122.298,158.337,162.367,17.343505759060896,not_applicable,
egauge_22-es3_Power,magnitudes/egauge_22-es3_Power.csv,egauge_22-es3_Power,declared_data_file,egauge_22,es3_Power,real_power,real_power,False,W,inv_8,,populated,2024-11-14T07:00:00,2024-11-15T07:00:00,85819,85819,0,0,0,0,1.0,86401,582,0.9932639668522355,131.531,146.8877,157.34120696213347,156.669,167.273,171.355,6.192665309618079,not_applicable,
egauge_22-es4_Power,magnitudes/egauge_22-es4_Power.csv,egauge_22-es4_Power,declared_data_file,egauge_22,es4_Power,real_power,real_power,False,W,inv_9,,populated,2024-11-14T07:00:00,2024-11-15T07:00:00,85819,85819,0,0,0,0,1.0,86401,582,0.9932639668522355,93.424,110.3179,120.66794492478355,120.691,129.437,133.473,5.875708378087732,not_applicable,
egauge_22-es5_Power,magnitudes/egauge_22-es5_Power.csv,egauge_22-es5_Power,declared_data_file,egauge_22,es5_Power,real_power,real_power,False,W,inv_10,,populated,2024-11-14T07:00:00,2024-11-15T07:00:00,85819,85819,0,0,0,0,1.0,86401,582,0.9932639668522355,59.452,75.0369,85.50828592289197,84.811,95.4211,99.561,6.20657348849731,not_applicable,
egauge_23-CT1,magnitudes/egauge_23-CT1.csv,egauge_23-CT1,declared_data_file,egauge_23,CT1,current_magnitude,current_magnitude,False,A,line_430,,empty,,,0,0,0,0,0,0,,0,0,,,,,,,,,not_available_empty_channel,
egauge_23-CT10,magnitudes/egauge_23-CT10.csv,egauge_23-CT10,declared_data_file,egauge_23,CT10,current_magnitude,current_magnitude,False,A,inv_13,,empty,,,0,0,0,0,0,0,,0,0,,,,,,,,,not_available_empty_channel,
egauge_23-CT11,magnitudes/egauge_23-CT11.csv,egauge_23-CT11,declared_data_file,egauge_23,CT11,current_magnitude,current_magnitude,False,A,inv_13,,empty,,,0,0,0,0,0,0,,0,0,,,,,,,,,not_available_empty_channel,
egauge_23-CT12,magnitudes/egauge_23-CT12.csv,egauge_23-CT12,declared_data_file,egauge_23,CT12,current_magnitude,current_magnitude,False,A,inv_13,,empty,,,0,0,0,0,0,0,,0,0,,,,,,,,,not_available_empty_channel,
egauge_23-CT13,magnitudes/egauge_23-CT13.csv,egauge_23-CT13,declared_data_file,egauge_23,CT13,current_magnitude,current_magnitude,False,A,inv_14,,empty,,,0,0,0,0,0,0,,0,0,,,,,,,,,not_available_empty_channel,
egauge_23-CT14,magnitudes/egauge_23-CT14.csv,egauge_23-CT14,declared_data_file,egauge_23,CT14,current_magnitude,current_magnitude,False,A,inv_14,,empty,,,0,0,0,0,0,0,,0,0,,,,,,,,,not_available_empty_channel,
egauge_23-CT15,magnitudes/egauge_23-CT15.csv,egauge_23-CT15,declared_data_file,egauge_23,CT15,current_magnitude,current_magnitude,False,A,inv_14,,empty,,,0,0,0,0,0,0,,0,0,,,,,,,,,not_available_empty_channel,
egauge_23-CT16,magnitudes/egauge_23-CT16.csv,egauge_23-C16,explicit_source_filename_alias,egauge_23,CT16,current_magnitude,current_magnitude,False,A,inv_15,,empty,,,0,0,0,0,0,0,,0,0,,,,,,,,,not_available_empty_channel,
egauge_23-CT17,magnitudes/egauge_23-CT17.csv,egauge_23-CT17,declared_data_file,egauge_23,CT17,current_magnitude,current_magnitude,False,A,inv_15,,empty,,,0,0,0,0,0,0,,0,0,,,,,,,,,not_available_empty_channel,
egauge_23-CT18,magnitudes/egauge_23-CT18.csv,egauge_23-CT18,declared_data_file,egauge_23,CT18,current_magnitude,current_magnitude,False,A,inv_15,,empty,,,0,0,0,0,0,0,,0,0,,,,,,,,,not_available_empty_channel,
egauge_23-CT2,magnitudes/egauge_23-CT2.csv,egauge_23-CT2,declared_data_file,egauge_23,CT2,current_magnitude,current_magnitude,False,A,line_430,,empty,,,0,0,0,0,0,0,,0,0,,,,,,,,,not_available_empty_channel,
egauge_23-CT3,magnitudes/egauge_23-CT3.csv,egauge_23-CT3,declared_data_file,egauge_23,CT3,current_magnitude,current_magnitude,False,A,line_430,,empty,,,0,0,0,0,0,0,,0,0,,,,,,,,,not_available_empty_channel,
egauge_23-CT4,magnitudes/egauge_23-CT4.csv,egauge_23-CT4,declared_data_file,egauge_23,CT4,current_magnitude,current_magnitude,False,A,inv_11,,empty,,,0,0,0,0,0,0,,0,0,,,,,,,,,not_available_empty_channel,
egauge_23-CT5,magnitudes/egauge_23-CT5.csv,egauge_23-CT5,declared_data_file,egauge_23,CT5,current_magnitude,current_magnitude,False,A,inv_11,,empty,,,0,0,0,0,0,0,,0,0,,,,,,,,,not_available_empty_channel,
egauge_23-CT6,magnitudes/egauge_23-CT6.csv,egauge_23-CT6,declared_data_file,egauge_23,CT6,current_magnitude,current_magnitude,False,A,inv_11,,empty,,,0,0,0,0,0,0,,0,0,,,,,,,,,not_available_empty_channel,
egauge_23-CT7,magnitudes/egauge_23-CT7.csv,egauge_23-CT7,declared_data_file,egauge_23,CT7,current_magnitude,current_magnitude,False,A,inv_12,,empty,,,0,0,0,0,0,0,,0,0,,,,,,,,,not_available_empty_channel,
egauge_23-CT8,magnitudes/egauge_23-CT8.csv,egauge_23-CT8,declared_data_file,egauge_23,CT8,current_magnitude,current_magnitude,False,A,inv_12,,empty,,,0,0,0,0,0,0,,0,0,,,,,,,,,not_available_empty_channel,
egauge_23-CT9,magnitudes/egauge_23-CT9.csv,egauge_23-CT9,declared_data_file,egauge_23,CT9,current_magnitude,current_magnitude,False,A,inv_12,,empty,,,0,0,0,0,0,0,,0,0,,,,,,,,,not_available_empty_channel,
egauge_23-L1,magnitudes/egauge_23-L1.csv,egauge_23-L1,declared_data_file,egauge_23,L1,voltage_magnitude,direct_phase_to_ground_voltage_magnitude,True,V,bus_1184,240.0,empty,,,0,0,0,0,0,0,,0,0,,,,,,,,,not_available_empty_channel,
egauge_23-L2,magnitudes/egauge_23-L2.csv,egauge_23-L2,declared_data_file,egauge_23,L2,voltage_magnitude,direct_phase_to_ground_voltage_magnitude,True,V,bus_1184,240.0,empty,,,0,0,0,0,0,0,,0,0,,,,,,,,,not_available_empty_channel,
egauge_23-L3,magnitudes/egauge_23-L3.csv,egauge_23-L3,declared_data_file,egauge_23,L3,voltage_magnitude,direct_phase_to_ground_voltage_magnitude,True,V,bus_1184,240.0,empty,,,0,0,0,0,0,0,,0,0,,,,,,,,,not_available_empty_channel,
egauge_23-Mains_Power,magnitudes/egauge_23-Mains_Power.csv,egauge_23-Mains_Power,declared_data_file,egauge_23,Mains_Power,real_power,real_power,False,W,line_430,,empty,,,0,0,0,0,0,0,,0,0,,,,,,,,,not_available_empty_channel,
egauge_23-mi51_Power,magnitudes/egauge_23-mi51_Power.csv,egauge_23-mi51_Power,declared_data_file,egauge_23,mi51_Power,real_power,real_power,False,W,inv_11,,empty,,,0,0,0,0,0,0,,0,0,,,,,,,,,not_available_empty_channel,
egauge_23-mi52_Power,magnitudes/egauge_23-mi52_Power.csv,egauge_23-mi52_Power,declared_data_file,egauge_23,mi52_Power,real_power,real_power,False,W,inv_12,,empty,,,0,0,0,0,0,0,,0,0,,,,,,,,,not_available_empty_channel,
egauge_23-mi53_Power,magnitudes/egauge_23-mi53_Power.csv,egauge_23-mi53_Power,declared_data_file,egauge_23,mi53_Power,real_power,real_power,False,W,inv_13,,empty,,,0,0,0,0,0,0,,0,0,,,,,,,,,not_available_empty_channel,
egauge_23-mi54_Power,magnitudes/egauge_23-mi54_Power.csv,egauge_23-mi54_Power,declared_data_file,egauge_23,mi54_Power,real_power,real_power,False,W,inv_14,,empty,,,0,0,0,0,0,0,,0,0,,,,,,,,,not_available_empty_channel,
egauge_23-mi55_Power,magnitudes/egauge_23-mi55_Power.csv,egauge_23-mi55_Power,declared_data_file,egauge_23,mi55_Power,real_power,real_power,False,W,inv_15,,empty,,,0,0,0,0,0,0,,0,0,,,,,,,,,not_available_empty_channel,
egauge_24-CT1,magnitudes/egauge_24-CT1.csv,egauge_24-CT1,declared_data_file,egauge_24,CT1,current_magnitude,current_magnitude,False,A,line_431,,populated,2024-11-14T07:00:00,2024-11-15T07:00:00,85817,85817,0,0,0,0,1.0,86401,584,0.9932408189720027,1225.987,1230.816,1236.9347133372953,1237.193,1242.687,1250.933,3.6054194950169043,not_applicable,
egauge_24-CT10,magnitudes/egauge_24-CT10.csv,egauge_24-CT10,declared_data_file,egauge_24,CT10,current_magnitude,current_magnitude,False,A,inv_4,,populated,2024-11-14T07:00:00,2024-11-15T07:00:00,85817,85817,0,0,0,0,1.0,86401,584,0.9932408189720027,300.381,301.448,302.9128512868469,302.972,304.244,306.066,0.8628498257936245,not_applicable,
egauge_24-CT11,magnitudes/egauge_24-CT11.csv,egauge_24-CT11,declared_data_file,egauge_24,CT11,current_magnitude,current_magnitude,False,A,inv_4,,populated,2024-11-14T07:00:00,2024-11-15T07:00:00,85817,85817,0,0,0,0,1.0,86401,584,0.9932408189720027,303.081,304.11,305.48844468112384,305.537,306.688,308.668,0.8003511790336423,not_applicable,
egauge_24-CT12,magnitudes/egauge_24-CT12.csv,egauge_24-CT12,declared_data_file,egauge_24,CT12,current_magnitude,current_magnitude,False,A,inv_4,,populated,2024-11-14T07:00:00,2024-11-15T07:00:00,85817,85817,0,0,0,0,1.0,86401,584,0.9932408189720027,300.695,301.732,303.1580878514747,303.214,304.416,306.355,0.8283441302281537,not_applicable,
egauge_24-CT13,magnitudes/egauge_24-CT13.csv,egauge_24-CT13,declared_data_file,egauge_24,CT13,current_magnitude,current_magnitude,False,A,inv_5,,populated,2024-11-14T07:00:00,2024-11-15T07:00:00,85817,85817,0,0,0,0,1.0,86401,584,0.9932408189720027,310.32,311.652,313.1205032351787,313.19,314.444,316.555,0.8489299582303479,not_applicable,
egauge_24-CT14,magnitudes/egauge_24-CT14.csv,egauge_24-CT14,declared_data_file,egauge_24,CT14,current_magnitude,current_magnitude,False,A,inv_5,,populated,2024-11-14T07:00:00,2024-11-15T07:00:00,85817,85817,0,0,0,0,1.0,86401,584,0.9932408189720027,313.271,314.658,316.1077649337155,316.17,317.334,319.328,0.816950808845192,not_applicable,
egauge_24-CT15,magnitudes/egauge_24-CT15.csv,egauge_24-CT15,declared_data_file,egauge_24,CT15,current_magnitude,current_magnitude,False,A,inv_5,,populated,2024-11-14T07:00:00,2024-11-15T07:00:00,85817,85817,0,0,0,0,1.0,86401,584,0.9932408189720027,310.238,311.476,312.9526722230638,313.017,314.239,316.253,0.83868597113274,not_applicable,
egauge_24-CT2,magnitudes/egauge_24-CT2.csv,egauge_24-CT2,declared_data_file,egauge_24,CT2,current_magnitude,current_magnitude,False,A,line_431,,populated,2024-11-14T07:00:00,2024-11-15T07:00:00,85817,85817,0,0,0,0,1.0,86401,584,0.9932408189720027,1225.935,1232.064,1237.7650598308028,1237.886,1242.888,1250.678,3.3063243196445,not_applicable,
egauge_24-CT3,magnitudes/egauge_24-CT3.csv,egauge_24-CT3,declared_data_file,egauge_24,CT3,current_magnitude,current_magnitude,False,A,line_431,,populated,2024-11-14T07:00:00,2024-11-15T07:00:00,85817,85817,0,0,0,0,1.0,86401,584,0.9932408189720027,1215.51,1220.367,1226.5045628643898,1226.799,1232.15,1240.42,3.5166110558458974,not_applicable,
egauge_24-CT4,magnitudes/egauge_24-CT4.csv,egauge_24-CT4,declared_data_file,egauge_24,CT4,current_magnitude,current_magnitude,False,A,inv_2,,populated,2024-11-14T07:00:00,2024-11-15T07:00:00,85817,85817,0,0,0,0,1.0,86401,584,0.9932408189720027,314.957,318.912,320.42694625695765,320.428,321.775,323.577,0.8572058261786627,not_applicable,
egauge_24-CT5,magnitudes/egauge_24-CT5.csv,egauge_24-CT5,declared_data_file,egauge_24,CT5,current_magnitude,current_magnitude,False,A,inv_2,,populated,2024-11-14T07:00:00,2024-11-15T07:00:00,85817,85817,0,0,0,0,1.0,86401,584,0.9932408189720027,320.209,321.927,323.3805420297455,323.372,324.647,326.468,0.8095016211880103,not_applicable,
egauge_24-CT6,magnitudes/egauge_24-CT6.csv,egauge_24-CT6,declared_data_file,egauge_24,CT6,current_magnitude,current_magnitude,False,A,inv_2,,populated,2024-11-14T07:00:00,2024-11-15T07:00:00,85817,85817,0,0,0,0,1.0,86401,584,0.9932408189720027,319.735,320.701,322.19872960019575,322.196,323.502,325.359,0.8370813493960542,not_applicable,
egauge_24-CT7,magnitudes/egauge_24-CT7.csv,egauge_24-CT7,declared_data_file,egauge_24,CT7,current_magnitude,current_magnitude,False,A,inv_3,,populated,2024-11-14T07:00:00,2024-11-15T07:00:00,85817,85817,0,0,0,0,1.0,86401,584,0.9932408189720027,301.899,303.249,304.86091264609564,304.957,306.225,308.277,0.9254099095802408,not_applicable,
egauge_24-CT8,magnitudes/egauge_24-CT8.csv,egauge_24-CT8,declared_data_file,egauge_24,CT8,current_magnitude,current_magnitude,False,A,inv_3,,populated,2024-11-14T07:00:00,2024-11-15T07:00:00,85817,85817,0,0,0,0,1.0,86401,584,0.9932408189720027,306.487,308.124,309.6753259282349,309.747,310.99,312.693,0.8853951153902169,not_applicable,
egauge_24-CT9,magnitudes/egauge_24-CT9.csv,egauge_24-CT9,declared_data_file,egauge_24,CT9,current_magnitude,current_magnitude,False,A,inv_3,,populated,2024-11-14T07:00:00,2024-11-15T07:00:00,85817,85817,0,0,0,0,1.0,86401,584,0.9932408189720027,296.931,298.397,299.9484879905302,300.041,301.248,303.021,0.8845728432677787,not_applicable,
egauge_24-L1,magnitudes/egauge_24-L1.csv,egauge_24-L1,declared_data_file,egauge_24,L1,voltage_magnitude,direct_phase_to_ground_voltage_magnitude,True,V,bus_1192,277.0,populated,2024-11-14T07:00:00,2024-11-15T07:00:00,85817,85817,0,0,0,0,1.0,86401,584,0.9932408189720027,285.428,287.191,288.41284694660345,288.335,289.66,290.757,0.7800134243311868,available,1.0412016135256443
egauge_24-L2,magnitudes/egauge_24-L2.csv,egauge_24-L2,declared_data_file,egauge_24,L2,voltage_magnitude,direct_phase_to_ground_voltage_magnitude,True,V,bus_1192,277.0,populated,2024-11-14T07:00:00,2024-11-15T07:00:00,85817,85817,0,0,0,0,1.0,86401,584,0.9932408189720027,285.905,287.819,288.9259670820855,288.887,290.153,291.309,0.7197660601380934,available,1.0430540327873123
egauge_24-L3,magnitudes/egauge_24-L3.csv,egauge_24-L3,declared_data_file,egauge_24,L3,voltage_magnitude,direct_phase_to_ground_voltage_magnitude,True,V,bus_1192,277.0,populated,2024-11-14T07:00:00,2024-11-15T07:00:00,85817,85817,0,0,0,0,1.0,86401,584,0.9932408189720027,284.398,286.228,287.3274860888091,287.25,288.523,289.736,0.7231628157106489,available,1.0372833432808992
egauge_24-Mains_Power,magnitudes/egauge_24-Mains_Power.csv,egauge_24-Mains_Power,declared_data_file,egauge_24,Mains_Power,real_power,real_power,False,W,line_431,,populated,2024-11-14T07:00:00,2024-11-15T07:00:00,85817,85817,0,0,0,0,1.0,86401,584,0.9932408189720027,-947.187,-945.748,-944.3459212518112,-944.39,-942.798,-938.606,0.9173871256820565,not_applicable,
egauge_24-es1_Power,magnitudes/egauge_24-es1_Power.csv,egauge_24-es1_Power,declared_data_file,egauge_24,es1_Power,real_power,real_power,False,W,inv_2,,populated,2024-11-14T07:00:00,2024-11-15T07:00:00,85817,85817,0,0,0,0,1.0,86401,584,0.9932408189720027,241.932,244.961,245.39622579539406,245.353,245.843,246.116,0.2739415762679638,not_applicable,
egauge_24-es2_Power,magnitudes/egauge_24-es2_Power.csv,egauge_24-es2_Power,declared_data_file,egauge_24,es2_Power,real_power,real_power,False,W,inv_3,,populated,2024-11-14T07:00:00,2024-11-15T07:00:00,85817,85817,0,0,0,0,1.0,86401,584,0.9932408189720027,230.78,231.1138,231.57241723376487,231.612,231.949,232.103,0.2554772309321172,not_applicable,
egauge_24-es3_Power,magnitudes/egauge_24-es3_Power.csv,egauge_24-es3_Power,declared_data_file,egauge_24,es3_Power,real_power,real_power,False,W,inv_4,,populated,2024-11-14T07:00:00,2024-11-15T07:00:00,85817,85817,0,0,0,0,1.0,86401,584,0.9932408189720027,230.592,231.695,232.06435604309166,232.117,232.299,232.546,0.1903309689672625,not_applicable,
egauge_24-es4_Power,magnitudes/egauge_24-es4_Power.csv,egauge_24-es4_Power,declared_data_file,egauge_24,es4_Power,real_power,real_power,False,W,inv_5,,populated,2024-11-14T07:00:00,2024-11-15T07:00:00,85817,85817,0,0,0,0,1.0,86401,584,0.9932408189720027,238.195,238.865,239.10743634905285,239.114,239.352,239.734,0.14274161125069612,not_applicable,
egauge_3-CT1,magnitudes/egauge_3-CT1.csv,egauge_3-CT1,declared_data_file,egauge_3,CT1,current_magnitude,current_magnitude,False,A,cb_143,,populated,2024-11-14T07:00:00,2024-11-15T07:00:00,86401,86401,0,0,0,0,1.0,86401,0,1.0,34.784,36.353,40.19579613661879,40.728,45.49,50.862,2.9083650960283034,not_applicable,
egauge_3-CT2,magnitudes/egauge_3-CT2.csv,egauge_3-CT2,declared_data_file,egauge_3,CT2,current_magnitude,current_magnitude,False,A,cb_143,,populated,2024-11-14T07:00:00,2024-11-15T07:00:00,86401,86401,0,0,0,0,1.0,86401,0,1.0,30.819,31.711,33.6625544264534,32.631,37.791,41.148,2.157197502023184,not_applicable,
egauge_3-CT3,magnitudes/egauge_3-CT3.csv,egauge_3-CT3,declared_data_file,egauge_3,CT3,current_magnitude,current_magnitude,False,A,cb_143,,populated,2024-11-14T07:00:00,2024-11-15T07:00:00,86401,86401,0,0,0,0,1.0,86401,0,1.0,18.209,18.74,22.917618476638005,22.604,28.802,31.191,3.4306215889159777,not_applicable,
egauge_3-CT4,magnitudes/egauge_3-CT4.csv,egauge_3-CT4,declared_data_file,egauge_3,CT4,current_magnitude,current_magnitude,False,A,cb_143,,populated,2024-11-14T07:00:00,2024-11-15T07:00:00,86401,86401,0,0,0,0,1.0,86401,0,1.0,0.013,0.021,0.03048083934213726,0.033,0.039,0.042,0.006210445697247467,not_applicable,
egauge_3-L1,magnitudes/egauge_3-L1.csv,egauge_3-L1,declared_data_file,egauge_3,L1,voltage_magnitude,direct_phase_to_ground_voltage_magnitude,True,V,bus_1107,277.0,populated,2024-11-14T07:00:00,2024-11-15T07:00:00,86401,86401,0,0,0,0,1.0,86401,0,1.0,265.0,271.029,272.207735975278,272.138,273.506,279.704,0.7569828153098317,available,0.9826994078529893
egauge_3-L2,magnitudes/egauge_3-L2.csv,egauge_3-L2,declared_data_file,egauge_3,L2,voltage_magnitude,direct_phase_to_ground_voltage_magnitude,True,V,bus_1107,277.0,populated,2024-11-14T07:00:00,2024-11-15T07:00:00,86401,86401,0,0,0,0,1.0,86401,0,1.0,264.898,271.006,272.16650264464533,272.168,273.405,279.63,0.7278023844306477,available,0.9825505510637016
egauge_3-L3,magnitudes/egauge_3-L3.csv,egauge_3-L3,declared_data_file,egauge_3,L3,voltage_magnitude,direct_phase_to_ground_voltage_magnitude,True,V,bus_1107,277.0,populated,2024-11-14T07:00:00,2024-11-15T07:00:00,86401,86401,0,0,0,0,1.0,86401,0,1.0,265.363,271.055,272.23568268885776,272.24,273.528,279.114,0.7413576113458582,available,0.982800298515732
egauge_3-Mains_Power,magnitudes/egauge_3-Mains_Power.csv,egauge_3-Mains_Power,declared_data_file,egauge_3,Mains_Power,real_power,real_power,False,W,cb_143,,populated,2024-11-14T07:00:00,2024-11-15T07:00:00,86401,86401,0,0,0,0,1.0,86401,0,1.0,18.177,18.947,22.09042387240888,22.118,25.296,28.348,1.9963954257933756,not_applicable,
egauge_4-CT1,magnitudes/egauge_4-CT1.csv,egauge_4-CT1,declared_data_file,egauge_4,CT1,current_magnitude,current_magnitude,False,A,cb_145,,populated,2024-11-14T07:00:00,2024-11-15T07:00:00,86401,86401,0,0,0,0,1.0,86401,0,1.0,86.275,99.331,112.8522743718244,113.187,126.397,163.768,8.39122639069135,not_applicable,
egauge_4-CT2,magnitudes/egauge_4-CT2.csv,egauge_4-CT2,declared_data_file,egauge_4,CT2,current_magnitude,current_magnitude,False,A,cb_145,,populated,2024-11-14T07:00:00,2024-11-15T07:00:00,86401,86401,0,0,0,0,1.0,86401,0,1.0,83.079,83.757,84.12844088610086,84.136,84.427,85.148,0.2072256533170043,not_applicable,
egauge_4-CT3,magnitudes/egauge_4-CT3.csv,egauge_4-CT3,declared_data_file,egauge_4,CT3,current_magnitude,current_magnitude,False,A,cb_145,,populated,2024-11-14T07:00:00,2024-11-15T07:00:00,86401,86401,0,0,0,0,1.0,86401,0,1.0,84.989,100.594,112.03150919549543,111.591,125.169,162.62,7.634174884840256,not_applicable,
egauge_4-CT4,magnitudes/egauge_4-CT4.csv,egauge_4-CT4,declared_data_file,egauge_4,CT4,current_magnitude,current_magnitude,False,A,cb_145,,populated,2024-11-14T07:00:00,2024-11-15T07:00:00,86401,86401,0,0,0,0,1.0,86401,0,1.0,0.051,0.057,0.07483279128713786,0.077,0.092,0.1,0.01157609552837249,not_applicable,
egauge_4-L1,magnitudes/egauge_4-L1.csv,egauge_4-L1,declared_data_file,egauge_4,L1,voltage_magnitude,direct_phase_to_ground_voltage_magnitude,True,V,bus_1113,277.0,populated,2024-11-14T07:00:00,2024-11-15T07:00:00,86401,86401,0,0,0,0,1.0,86401,0,1.0,276.676,279.042,280.45945521463875,280.512,281.674,284.623,0.769256833066411,available,1.0124890079950857
egauge_4-L2,magnitudes/egauge_4-L2.csv,egauge_4-L2,declared_data_file,egauge_4,L2,voltage_magnitude,direct_phase_to_ground_voltage_magnitude,True,V,bus_1113,277.0,populated,2024-11-14T07:00:00,2024-11-15T07:00:00,86401,86401,0,0,0,0,1.0,86401,0,1.0,276.372,279.299,280.7095744262219,280.722,281.831,284.66,0.7664460053797926,available,1.013391965437624
egauge_4-L3,magnitudes/egauge_4-L3.csv,egauge_4-L3,declared_data_file,egauge_4,L3,voltage_magnitude,direct_phase_to_ground_voltage_magnitude,True,V,bus_1113,277.0,populated,2024-11-14T07:00:00,2024-11-15T07:00:00,86401,86401,0,0,0,0,1.0,86401,0,1.0,276.518,278.887,280.29246115206996,280.341,281.347,284.289,0.7599144369008796,available,1.0118861413432128
egauge_4-Mains_Power,magnitudes/egauge_4-Mains_Power.csv,egauge_4-Mains_Power,declared_data_file,egauge_4,Mains_Power,real_power,real_power,False,W,cb_145,,populated,2024-11-14T07:00:00,2024-11-15T07:00:00,86401,86401,0,0,0,0,1.0,86401,0,1.0,62.455,71.957,79.20019129408225,79.153,87.105,108.946,4.685819980700406,not_applicable,
egauge_5-CT1,magnitudes/egauge_5-CT1.csv,egauge_5-CT1,declared_data_file,egauge_5,CT1,current_magnitude,current_magnitude,False,A,cb_149,,populated,2024-11-14T07:00:00,2024-11-15T07:00:00,86401,86401,0,0,0,0,1.0,86401,0,1.0,363.651,389.578,444.3383243249499,448.254,500.505,577.039,33.48279990915384,not_applicable,
egauge_5-CT2,magnitudes/egauge_5-CT2.csv,egauge_5-CT2,declared_data_file,egauge_5,CT2,current_magnitude,current_magnitude,False,A,cb_149,,populated,2024-11-14T07:00:00,2024-11-15T07:00:00,86401,86401,0,0,0,0,1.0,86401,0,1.0,430.491,451.353,504.43833341049293,506.09,564.92,662.901,34.70058404367876,not_applicable,
egauge_5-CT3,magnitudes/egauge_5-CT3.csv,egauge_5-CT3,declared_data_file,egauge_5,CT3,current_magnitude,current_magnitude,False,A,cb_149,,populated,2024-11-14T07:00:00,2024-11-15T07:00:00,86401,86401,0,0,0,0,1.0,86401,0,1.0,403.924,425.993,483.9344952257497,488.179,545.256,638.947,36.30740284982965,not_applicable,
egauge_5-L1,magnitudes/egauge_5-L1.csv,egauge_5-L1,declared_data_file,egauge_5,L1,voltage_magnitude,direct_phase_to_ground_voltage_magnitude,True,V,bus_1134,277.0,populated,2024-11-14T07:00:00,2024-11-15T07:00:00,86401,86401,0,0,0,0,1.0,86401,0,1.0,273.811,282.304,282.7965197625028,282.788,283.267,292.041,0.3154088177231538,available,1.0209260641245588
egauge_5-L2,magnitudes/egauge_5-L2.csv,egauge_5-L2,declared_data_file,egauge_5,L2,voltage_magnitude,direct_phase_to_ground_voltage_magnitude,True,V,bus_1134,277.0,populated,2024-11-14T07:00:00,2024-11-15T07:00:00,86401,86401,0,0,0,0,1.0,86401,0,1.0,274.885,282.948,283.40240206710575,283.425,283.784,292.327,0.2701582948954549,available,1.0231133648631976
egauge_5-L3,magnitudes/egauge_5-L3.csv,egauge_5-L3,declared_data_file,egauge_5,L3,voltage_magnitude,direct_phase_to_ground_voltage_magnitude,True,V,bus_1134,277.0,populated,2024-11-14T07:00:00,2024-11-15T07:00:00,86401,86401,0,0,0,0,1.0,86401,0,1.0,273.833,282.596,283.0577804770778,283.084,283.423,292.039,0.2653693246481617,available,1.0218692435995589
egauge_5-Mains_Power,magnitudes/egauge_5-Mains_Power.csv,egauge_5-Mains_Power,declared_data_file,egauge_5,Mains_Power,real_power,real_power,False,W,cb_149,,populated,2024-11-14T07:00:00,2024-11-15T07:00:00,86401,86401,0,0,0,0,1.0,86401,0,1.0,337.282,356.285,402.75802935151216,405.793,452.26,525.853,29.14184892836705,not_applicable,
egauge_6-CT1,magnitudes/egauge_6-CT1.csv,egauge_6-CT1,declared_data_file,egauge_6,CT1,current_magnitude,current_magnitude,False,A,cb_151,,populated,2024-11-14T07:00:00,2024-11-15T07:00:00,86401,86401,0,0,0,0,1.0,86401,0,1.0,4.78,5.127,5.334258700709482,5.332,5.546,5.942,0.12787686313049063,not_applicable,
egauge_6-CT2,magnitudes/egauge_6-CT2.csv,egauge_6-CT2,declared_data_file,egauge_6,CT2,current_magnitude,current_magnitude,False,A,cb_151,,populated,2024-11-14T07:00:00,2024-11-15T07:00:00,86401,86401,0,0,0,0,1.0,86401,0,1.0,4.741,5.046,5.2559598847235565,5.254,5.472,6.284,0.1294066378814588,not_applicable,
egauge_6-CT3,magnitudes/egauge_6-CT3.csv,egauge_6-CT3,declared_data_file,egauge_6,CT3,current_magnitude,current_magnitude,False,A,cb_151,,populated,2024-11-14T07:00:00,2024-11-15T07:00:00,86401,86401,0,0,0,0,1.0,86401,0,1.0,4.929,5.243,5.464684124026341,5.463,5.693,6.357,0.1366649587932297,not_applicable,
egauge_6-L1,magnitudes/egauge_6-L1.csv,egauge_6-L1,declared_data_file,egauge_6,L1,voltage_magnitude,direct_phase_to_ground_voltage_magnitude,True,V,bus_1140,277.0,populated,2024-11-14T07:00:00,2024-11-15T07:00:00,86401,86401,0,0,0,0,1.0,86401,0,1.0,279.815,281.687,283.11190811448944,283.162,284.34,285.559,0.7774093145094944,available,1.022064650232814
egauge_6-L2,magnitudes/egauge_6-L2.csv,egauge_6-L2,declared_data_file,egauge_6,L2,voltage_magnitude,direct_phase_to_ground_voltage_magnitude,True,V,bus_1140,277.0,populated,2024-11-14T07:00:00,2024-11-15T07:00:00,86401,86401,0,0,0,0,1.0,86401,0,1.0,279.926,281.761,283.18568057082666,283.198,284.315,285.365,0.7798116950189701,available,1.022330976789988
egauge_6-L3,magnitudes/egauge_6-L3.csv,egauge_6-L3,declared_data_file,egauge_6,L3,voltage_magnitude,direct_phase_to_ground_voltage_magnitude,True,V,bus_1140,277.0,populated,2024-11-14T07:00:00,2024-11-15T07:00:00,86401,86401,0,0,0,0,1.0,86401,0,1.0,279.615,281.423,282.8414259209963,282.903,283.899,285.242,0.7611156715250693,available,1.0210881802202032
egauge_6-Mains_Power,magnitudes/egauge_6-Mains_Power.csv,egauge_6-Mains_Power,declared_data_file,egauge_6,Mains_Power,real_power,real_power,False,W,cb_151,,populated,2024-11-14T07:00:00,2024-11-15T07:00:00,86401,86401,0,0,0,0,1.0,86401,0,1.0,-0.223,-0.058,0.023693603083297644,0.024,0.105,0.237,0.04962806756010432,not_applicable,
egauge_7-CT1,magnitudes/egauge_7-CT1.csv,egauge_7-CT1,declared_data_file,egauge_7,CT1,current_magnitude,current_magnitude,False,A,cb_146,,populated,2024-11-14T07:00:00,2024-11-15T07:00:00,86401,86401,0,0,0,0,1.0,86401,0,1.0,447.218,457.862,471.94858269001514,469.721,490.314,591.324,11.329252068568568,not_applicable,
egauge_7-CT2,magnitudes/egauge_7-CT2.csv,egauge_7-CT2,declared_data_file,egauge_7,CT2,current_magnitude,current_magnitude,False,A,cb_146,,populated,2024-11-14T07:00:00,2024-11-15T07:00:00,86401,86401,0,0,0,0,1.0,86401,0,1.0,440.095,450.277,462.94964399717594,461.259,480.169,589.236,10.55452079192862,not_applicable,
egauge_7-CT3,magnitudes/egauge_7-CT3.csv,egauge_7-CT3,declared_data_file,egauge_7,CT3,current_magnitude,current_magnitude,False,A,cb_146,,populated,2024-11-14T07:00:00,2024-11-15T07:00:00,86401,86401,0,0,0,0,1.0,86401,0,1.0,449.921,457.516,469.5356249696183,468.019,485.735,595.933,10.188776208458599,not_applicable,
egauge_7-L1,magnitudes/egauge_7-L1.csv,egauge_7-L1,declared_data_file,egauge_7,L1,voltage_magnitude,direct_phase_to_ground_voltage_magnitude,True,V,bus_1119,277.0,populated,2024-11-14T07:00:00,2024-11-15T07:00:00,86401,86401,0,0,0,0,1.0,86401,0,1.0,269.264,270.706,271.90745337438216,271.843,273.193,274.411,0.7585997137179753,available,0.9816153551421739
egauge_7-L2,magnitudes/egauge_7-L2.csv,egauge_7-L2,declared_data_file,egauge_7,L2,voltage_magnitude,direct_phase_to_ground_voltage_magnitude,True,V,bus_1119,277.0,populated,2024-11-14T07:00:00,2024-11-15T07:00:00,86401,86401,0,0,0,0,1.0,86401,0,1.0,270.73,272.104,273.279832224164,273.283,274.502,275.513,0.7277361715730213,available,0.9865697914229747
egauge_7-L3,magnitudes/egauge_7-L3.csv,egauge_7-L3,declared_data_file,egauge_7,L3,voltage_magnitude,direct_phase_to_ground_voltage_magnitude,True,V,bus_1119,277.0,populated,2024-11-14T07:00:00,2024-11-15T07:00:00,86401,86401,0,0,0,0,1.0,86401,0,1.0,270.254,271.638,272.8233335030844,272.83,274.11,275.096,0.74169083251133,available,0.9849217815995828
egauge_7-Mains_Power,magnitudes/egauge_7-Mains_Power.csv,egauge_7-Mains_Power,declared_data_file,egauge_7,Mains_Power,real_power,real_power,False,W,cb_146,,populated,2024-11-14T07:00:00,2024-11-15T07:00:00,86401,86401,0,0,0,0,1.0,86401,0,1.0,332.357,338.386,347.394673360262,345.935,359.547,443.393,7.713290141154978,not_applicable,
egauge_8-CT1,magnitudes/egauge_8-CT1.csv,egauge_8-CT1,declared_data_file,egauge_8,CT1,current_magnitude,current_magnitude,False,A,cb_148,,populated,2024-11-14T07:00:00,2024-11-15T07:00:00,86401,86401,0,0,0,0,1.0,86401,0,1.0,120.46,139.842,161.50029880441198,157.16,197.708,271.764,18.318828407593667,not_applicable,
egauge_8-CT2,magnitudes/egauge_8-CT2.csv,egauge_8-CT2,declared_data_file,egauge_8,CT2,current_magnitude,current_magnitude,False,A,cb_148,,populated,2024-11-14T07:00:00,2024-11-15T07:00:00,86401,86401,0,0,0,0,1.0,86401,0,1.0,120.051,126.782,154.54345976319718,151.326,195.821,271.767,21.795527080192553,not_applicable,
egauge_8-CT3,magnitudes/egauge_8-CT3.csv,egauge_8-CT3,declared_data_file,egauge_8,CT3,current_magnitude,current_magnitude,False,A,cb_148,,populated,2024-11-14T07:00:00,2024-11-15T07:00:00,86401,86401,0,0,0,0,1.0,86401,0,1.0,101.679,109.198,129.9904944502957,127.29,165.37,239.855,18.261436020857204,not_applicable,
egauge_8-L1,magnitudes/egauge_8-L1.csv,egauge_8-L1,declared_data_file,egauge_8,L1,voltage_magnitude,direct_phase_to_ground_voltage_magnitude,True,V,bus_1125,277.0,populated,2024-11-14T07:00:00,2024-11-15T07:00:00,86401,86401,0,0,0,0,1.0,86401,0,1.0,276.106,280.385,281.8010084721242,281.85,283.048,288.163,0.7820969695564185,available,1.0173321605491847
egauge_8-L2,magnitudes/egauge_8-L2.csv,egauge_8-L2,declared_data_file,egauge_8,L2,voltage_magnitude,direct_phase_to_ground_voltage_magnitude,True,V,bus_1125,277.0,populated,2024-11-14T07:00:00,2024-11-15T07:00:00,86401,86401,0,0,0,0,1.0,86401,0,1.0,276.38,280.92,282.3735897848405,282.401,283.514,289.473,0.7994378940576757,available,1.019399241100507
egauge_8-L3,magnitudes/egauge_8-L3.csv,egauge_8-L3,declared_data_file,egauge_8,L3,voltage_magnitude,direct_phase_to_ground_voltage_magnitude,True,V,bus_1125,277.0,populated,2024-11-14T07:00:00,2024-11-15T07:00:00,86401,86401,0,0,0,0,1.0,86401,0,1.0,275.714,280.023,281.4654389764007,281.535,282.52,288.263,0.7754094934627246,available,1.0161207183263563
egauge_8-Mains_Power,magnitudes/egauge_8-Mains_Power.csv,egauge_8-Mains_Power,declared_data_file,egauge_8,Mains_Power,real_power,real_power,False,W,cb_148,,populated,2024-11-14T07:00:00,2024-11-15T07:00:00,86401,86401,0,0,0,0,1.0,86401,0,1.0,86.883,96.34,115.66552420689574,113.895,147.482,209.717,16.245118799983405,not_applicable,
egauge_9-CT1,magnitudes/egauge_9-CT1.csv,egauge_9-CT1,declared_data_file,egauge_9,CT1,current_magnitude,current_magnitude,False,A,cb_137,,populated,2024-11-14T07:00:00,2024-11-15T07:00:00,86401,86401,0,0,0,0,1.0,86401,0,1.0,364.872,374.768,395.01217936135,394.414,418.836,442.15,13.779617164732505,not_applicable,
egauge_9-CT2,magnitudes/egauge_9-CT2.csv,egauge_9-CT2,declared_data_file,egauge_9,CT2,current_magnitude,current_magnitude,False,A,cb_137,,populated,2024-11-14T07:00:00,2024-11-15T07:00:00,86401,86401,0,0,0,0,1.0,86401,0,1.0,363.808,373.219,386.20619382877516,385.699,400.508,413.834,8.568984099016685,not_applicable,
egauge_9-CT3,magnitudes/egauge_9-CT3.csv,egauge_9-CT3,declared_data_file,egauge_9,CT3,current_magnitude,current_magnitude,False,A,cb_137,,populated,2024-11-14T07:00:00,2024-11-15T07:00:00,86401,86401,0,0,0,0,1.0,86401,0,1.0,377.825,386.928,404.6864827490423,404.817,425.547,445.861,12.002311724372554,not_applicable,
egauge_9-L1,magnitudes/egauge_9-L1.csv,egauge_9-L1,declared_data_file,egauge_9,L1,voltage_magnitude,direct_phase_to_ground_voltage_magnitude,True,V,bus_1083,277.0,populated,2024-11-14T07:00:00,2024-11-15T07:00:00,86401,86401,0,0,0,0,1.0,86401,0,1.0,267.058,269.215,270.4192639205565,270.401,271.631,273.968,0.7304090398982211,available,0.9762428300381101
egauge_9-L2,magnitudes/egauge_9-L2.csv,egauge_9-L2,declared_data_file,egauge_9,L2,voltage_magnitude,direct_phase_to_ground_voltage_magnitude,True,V,bus_1083,277.0,populated,2024-11-14T07:00:00,2024-11-15T07:00:00,86401,86401,0,0,0,0,1.0,86401,0,1.0,267.663,269.733,270.889337854886,270.915,272.037,274.716,0.7057338850697373,available,0.977939847851574
egauge_9-L3,magnitudes/egauge_9-L3.csv,egauge_9-L3,declared_data_file,egauge_9,L3,voltage_magnitude,direct_phase_to_ground_voltage_magnitude,True,V,bus_1083,277.0,populated,2024-11-14T07:00:00,2024-11-15T07:00:00,86401,86401,0,0,0,0,1.0,86401,0,1.0,267.565,269.522,270.67414807698987,270.689,271.911,274.517,0.7253819198512086,available,0.9771629894476168
egauge_9-Mains_Power,magnitudes/egauge_9-Mains_Power.csv,egauge_9-Mains_Power,declared_data_file,egauge_9,Mains_Power,real_power,real_power,False,W,cb_137,,populated,2024-11-14T07:00:00,2024-11-15T07:00:00,86401,86401,0,0,0,0,1.0,86401,0,1.0,284.936,291.301,303.6094498443305,303.369,317.288,332.28,8.093241360101505,not_applicable,
