source,target,element,element_type,port_index,phases,status,nominal_status,status_file,active,direction_basis,current_rating,groups
bus_1017,bus_1020,line_376,Line,1,abc,UNSPECIFIED,,,True,topology_fbus_to_tbus_unverified_by_measurement,,vault_3|swa_7
bus_1019,bus_1030,line_377,Line,1,abc,UNSPECIFIED,,,True,topology_fbus_to_tbus_unverified_by_measurement,,vault_3
bus_1026,bus_1028,line_378,Line,1,abc,UNSPECIFIED,,,True,topology_fbus_to_tbus_unverified_by_measurement,,vault_3
bus_1032,bus_1053,line_379,Line,1,abc,UNSPECIFIED,,,True,topology_fbus_to_tbus_unverified_by_measurement,,ss_4|swgr_4
bus_1053,bus_1037,line_380,Line,1,abc,UNSPECIFIED,,,True,topology_fbus_to_tbus_unverified_by_measurement,,ss_4
bus_1038,bus_1033,line_381,Line,1,abc,UNSPECIFIED,,,True,topology_fbus_to_tbus_unverified_by_measurement,,ss_4
bus_1034,bus_1041,line_382,Line,1,abc,UNSPECIFIED,,,True,topology_fbus_to_tbus_unverified_by_measurement,,ss_4
bus_1040,bus_1035,line_383,Line,1,abc,UNSPECIFIED,,,True,topology_fbus_to_tbus_unverified_by_measurement,,ss_4
bus_1036,bus_1052,line_384,Line,1,abc,UNSPECIFIED,,,True,topology_fbus_to_tbus_unverified_by_measurement,,ss_4
bus_1070,bus_1071,line_385,Line,1,abc,UNSPECIFIED,,,True,topology_fbus_to_tbus_unverified_by_measurement,,bldg_157|group_161
bus_1076,bus_1077,line_386,Line,1,abc,UNSPECIFIED,,,True,topology_fbus_to_tbus_unverified_by_measurement,,bldg_157|group_163
bus_1071,bus_1078,line_387,Line,1,abc,UNSPECIFIED,,,True,topology_fbus_to_tbus_unverified_by_measurement,,bldg_157|bldg_164
bus_1083,bus_1084,line_388,Line,1,abc,UNSPECIFIED,,,True,topology_fbus_to_tbus_unverified_by_measurement,,bldg_158|group_28
bus_1089,bus_1090,line_389,Line,1,abc,UNSPECIFIED,,,True,topology_fbus_to_tbus_unverified_by_measurement,,bldg_158|group_29
bus_1098,bus_1099,line_390,Line,1,abc,UNSPECIFIED,,,True,topology_fbus_to_tbus_unverified_by_measurement,,bldg_159|group_166
bus_1101,bus_1102,line_391,Line,1,abc,UNSPECIFIED,,,True,topology_fbus_to_tbus_unverified_by_measurement,,bldg_159|group_167
bus_1107,bus_1108,line_392,Line,1,abc,UNSPECIFIED,,,True,topology_fbus_to_tbus_unverified_by_measurement,,bldg_163|group_88
bus_1113,bus_1114,line_393,Line,1,abc,UNSPECIFIED,,,True,topology_fbus_to_tbus_unverified_by_measurement,,bldg_163|group_89
bus_1119,bus_1120,line_394,Line,1,abc,UNSPECIFIED,,,True,topology_fbus_to_tbus_unverified_by_measurement,,ba_22|group_88
bus_1125,bus_1126,line_395,Line,1,abc,UNSPECIFIED,,,True,topology_fbus_to_tbus_unverified_by_measurement,,ba_22|group_89
bus_1147,bus_1130,line_396,Line,1,abc,UNSPECIFIED,,,True,topology_fbus_to_tbus_unverified_by_measurement,,bldg_160|group_196|group_18|group_88
bus_1153,bus_1136,line_397,Line,1,abc,UNSPECIFIED,,,True,topology_fbus_to_tbus_unverified_by_measurement,,bldg_160|group_18|group_89
bus_1129,bus_1131,line_398,Line,1,abc,UNSPECIFIED,,,True,topology_fbus_to_tbus_unverified_by_measurement,,bldg_160|group_18|group_170|group_171
bus_1134,bus_1135,line_399,Line,1,abc,UNSPECIFIED,,,True,topology_fbus_to_tbus_unverified_by_measurement,,bldg_160|group_88
bus_1140,bus_1141,line_400,Line,1,abcn,UNSPECIFIED,,,True,topology_fbus_to_tbus_unverified_by_measurement,,bldg_160|group_89
bus_1156,bus_1165,line_401,Line,1,abc,UNSPECIFIED,,,True,topology_fbus_to_tbus_unverified_by_measurement,,plant_2
bus_1174,bus_1161,line_402,Line,1,abc,UNSPECIFIED,,,True,topology_fbus_to_tbus_unverified_by_measurement,,plant_2|group_173|swbd_2|bldg_167
bus_1160,bus_1162,line_403,Line,1,abc,UNSPECIFIED,,,True,topology_fbus_to_tbus_unverified_by_measurement,,plant_2|group_173
bus_1016,bus_1053,line_404,Line,1,abc,UNSPECIFIED,,,True,topology_fbus_to_tbus_unverified_by_measurement,,ss_4|vault_3
bus_1023,bus_1039,line_405,Line,1,abc,UNSPECIFIED,,,True,topology_fbus_to_tbus_unverified_by_measurement,,ss_4|vault_3
bus_1029,bus_1031,line_406,Line,1,abc,UNSPECIFIED,,,True,topology_fbus_to_tbus_unverified_by_measurement,,ss_4|vault_3
bus_1043,bus_1144,line_407,Line,1,abc,UNSPECIFIED,,,True,topology_fbus_to_tbus_unverified_by_measurement,,group_197|bldg_160
bus_1045,bus_1055,line_408,Line,1,abc,UNSPECIFIED,,,True,topology_fbus_to_tbus_unverified_by_measurement,,group_197|pad_1
bus_1046,bus_1115,line_409,Line,1,abc,UNSPECIFIED,,,True,topology_fbus_to_tbus_unverified_by_measurement,,group_197|ba_22
bus_1048,bus_1121,line_410,Line,1,abc,UNSPECIFIED,,,True,topology_fbus_to_tbus_unverified_by_measurement,,group_198|ba_22
bus_1049,bus_1061,line_411,Line,1,abc,UNSPECIFIED,,,True,topology_fbus_to_tbus_unverified_by_measurement,,group_198
bus_1051,bus_1150,line_412,Line,1,abc,UNSPECIFIED,,,True,topology_fbus_to_tbus_unverified_by_measurement,,group_198|bldg_160
bus_1120,bus_1127,line_413,Line,1,abc,UNSPECIFIED,,,True,topology_fbus_to_tbus_unverified_by_measurement,,ba_22|bldg_160
bus_1056,bus_1079,line_414,Line,1,abc,UNSPECIFIED,,,True,topology_fbus_to_tbus_unverified_by_measurement,,pad_1|bldg_158|group_164
bus_1057,bus_1066,line_415,Line,1,abc,UNSPECIFIED,,,True,topology_fbus_to_tbus_unverified_by_measurement,,pad_1|bldg_157|group_160
bus_1058,bus_1103,line_416,Line,1,abc,UNSPECIFIED,,,True,topology_fbus_to_tbus_unverified_by_measurement,,pad_1|bldg_163|group_168
bus_1059,bus_1091,line_417,Line,1,abc,UNSPECIFIED,,,True,topology_fbus_to_tbus_unverified_by_measurement,,pad_1|bldg_159|group_199
bus_1062,bus_1085,line_418,Line,1,abc,UNSPECIFIED,,,True,topology_fbus_to_tbus_unverified_by_measurement,,pad_1|bldg_158|group_165
bus_1063,bus_1072,line_419,Line,1,abc,UNSPECIFIED,,,True,topology_fbus_to_tbus_unverified_by_measurement,,pad_1|bldg_157|group_162
bus_1064,bus_1109,line_420,Line,1,abc,UNSPECIFIED,,,True,topology_fbus_to_tbus_unverified_by_measurement,,pad_1|bldg_163|group_169
bus_1065,bus_1094,line_421,Line,1,abc,UNSPECIFIED,,,True,topology_fbus_to_tbus_unverified_by_measurement,,pad_1|bldg_159|group_200
bus_1128,bus_1167,line_422,Line,1,abc,UNSPECIFIED,,,True,topology_fbus_to_tbus_unverified_by_measurement,,bldg_160|plant_2|group_170|group_176
bus_1149,bus_1169,line_423,Line,1,abc,UNSPECIFIED,,,True,topology_fbus_to_tbus_unverified_by_measurement,,group_198|bldg_160|group_201|plant_2|group_176
bus_1171,bus_1158,line_424,Line,1,abc,UNSPECIFIED,,,True,topology_fbus_to_tbus_unverified_by_measurement,,plant_2|group_173|group_174
bus_1171,bus_1155,line_425,Line,1,abc,UNSPECIFIED,,,True,topology_fbus_to_tbus_unverified_by_measurement,,plant_2|group_174
bus_1050,bus_1171,line_426,Line,1,abc,UNSPECIFIED,,,True,topology_fbus_to_tbus_unverified_by_measurement,,group_198|plant_2|group_174
bus_1164,bus_1172,line_427,Line,1,abc,UNSPECIFIED,,,True,topology_fbus_to_tbus_unverified_by_measurement,,plant_2|group_173|bldg_167
bus_1173,bus_1163,line_428,Line,1,abc,UNSPECIFIED,,,True,topology_fbus_to_tbus_unverified_by_measurement,,plant_2|group_173|bldg_167
bus_1182,bus_1176,line_429,Line,1,abc,UNSPECIFIED,,,True,topology_fbus_to_tbus_unverified_by_measurement,,plant_2|group_176|plant_1|swbd_3
bus_1190,bus_1184,line_430,Line,1,abc,UNSPECIFIED,,,True,topology_fbus_to_tbus_unverified_by_measurement,,plant_2|group_176|plant_1|swbd_4
bus_1197,bus_1192,line_431,Line,1,abc,UNSPECIFIED,,,True,topology_fbus_to_tbus_unverified_by_measurement,,plant_2|group_175|plant_1|swbd_5
bus_1199,bus_1015,line_432,Line,1,abc,UNSPECIFIED,,,True,topology_fbus_to_tbus_unverified_by_measurement,,ss_4
bus_1200,bus_1022,line_433,Line,1,abc,UNSPECIFIED,,,True,topology_fbus_to_tbus_unverified_by_measurement,,ss_4
bus_1033,bus_1034,tr_117,Transformer,1,abc,UNSPECIFIED,,,True,topology_fbus_to_tbus_unverified_by_measurement,,ss_4|group_156
bus_1035,bus_1036,tr_118,Transformer,1,abc,UNSPECIFIED,,,True,topology_fbus_to_tbus_unverified_by_measurement,,ss_4|group_157
bus_1068,bus_1069,tr_119,Transformer,1,abc,UNSPECIFIED,,,True,topology_fbus_to_tbus_unverified_by_measurement,,bldg_157|group_161
bus_1074,bus_1075,tr_120,Transformer,1,abc,UNSPECIFIED,,,True,topology_fbus_to_tbus_unverified_by_measurement,,bldg_157|group_163
bus_1081,bus_1082,tr_121,Transformer,1,abc,UNSPECIFIED,,,True,topology_fbus_to_tbus_unverified_by_measurement,,bldg_158|group_28
bus_1087,bus_1088,tr_122,Transformer,1,abc,UNSPECIFIED,,,True,topology_fbus_to_tbus_unverified_by_measurement,,bldg_158|group_29
bus_1093,bus_1097,tr_123,Transformer,1,abc,UNSPECIFIED,,,True,topology_fbus_to_tbus_unverified_by_measurement,,bldg_159|group_166
bus_1096,bus_1100,tr_124,Transformer,1,abc,UNSPECIFIED,,,True,topology_fbus_to_tbus_unverified_by_measurement,,bldg_159|group_167
bus_1105,bus_1106,tr_125,Transformer,1,abc,UNSPECIFIED,,,True,topology_fbus_to_tbus_unverified_by_measurement,,bldg_163|group_88
bus_1111,bus_1112,tr_126,Transformer,1,abc,UNSPECIFIED,,,True,topology_fbus_to_tbus_unverified_by_measurement,,bldg_163|group_89
bus_1117,bus_1118,tr_127,Transformer,1,abc,UNSPECIFIED,,,True,topology_fbus_to_tbus_unverified_by_measurement,,ba_22|group_88
bus_1123,bus_1124,tr_128,Transformer,1,abc,UNSPECIFIED,,,True,topology_fbus_to_tbus_unverified_by_measurement,,ba_22|group_89
bus_1132,bus_1133,tr_129,Transformer,1,abc,UNSPECIFIED,,,True,topology_fbus_to_tbus_unverified_by_measurement,,bldg_160|group_88
bus_1138,bus_1139,tr_130,Transformer,1,abc,UNSPECIFIED,,,True,topology_fbus_to_tbus_unverified_by_measurement,,bldg_160|group_89
bus_1159,bus_1175,tr_131,Transformer,1,abc,UNSPECIFIED,,,True,topology_fbus_to_tbus_unverified_by_measurement,,plant_2|group_173|bldg_167
bus_1166,bus_1198,tr_132,Transformer,1,abc,UNSPECIFIED,,,True,topology_fbus_to_tbus_unverified_by_measurement,,plant_2|group_175|plant_1
bus_1170,bus_1191,tr_133,Transformer,1,abc,UNSPECIFIED,,,True,topology_fbus_to_tbus_unverified_by_measurement,,plant_2|group_176|plant_1
bus_1168,bus_1183,tr_134,Transformer,1,abc,UNSPECIFIED,,,True,topology_fbus_to_tbus_unverified_by_measurement,,plant_2|group_176|plant_1
bus_1019,bus_1014,sw_276,Switch,1,abc,NC,NC,,True,topology_fbus_to_tbus_unverified_by_measurement,,ss_4|vault_3|swa_7
bus_1026,bus_1021,sw_277,Switch,1,abc,NC,NC,,True,topology_fbus_to_tbus_unverified_by_measurement,,vault_3|swa_8
bus_1027,bus_1028,sw_278,Switch,1,abc,NO,NO,,False,topology_fbus_to_tbus_unverified_by_measurement,,vault_3|swa_9
bus_1027,bus_1029,sw_279,Switch,1,abc,NC,NC,,True,topology_fbus_to_tbus_unverified_by_measurement,,vault_3|swa_9
bus_1027,bus_1030,sw_280,Switch,1,abc,NC,NC,,True,topology_fbus_to_tbus_unverified_by_measurement,,vault_3|swa_9
bus_1054,bus_1055,sw_281,Switch,1,abc,NC,NC,,True,topology_fbus_to_tbus_unverified_by_measurement,900.0,pad_1|swa_10
bus_1054,bus_1056,sw_282,Switch,1,abc,NC,NC,,True,topology_fbus_to_tbus_unverified_by_measurement,900.0,pad_1|swa_10
bus_1054,bus_1057,sw_283,Switch,1,abc,NC,NC,,True,topology_fbus_to_tbus_unverified_by_measurement,900.0,pad_1|swa_10
bus_1054,bus_1058,sw_284,Switch,1,abc,NC,NC,,True,topology_fbus_to_tbus_unverified_by_measurement,900.0,pad_1|swa_10
bus_1054,bus_1059,sw_285,Switch,1,abc,NC,NC,,True,topology_fbus_to_tbus_unverified_by_measurement,900.0,pad_1|swa_10
bus_1060,bus_1061,sw_286,Switch,1,abc,NC,NC,,True,topology_fbus_to_tbus_unverified_by_measurement,900.0,pad_1|swa_11
bus_1060,bus_1062,sw_287,Switch,1,abc,NC,NC,,True,topology_fbus_to_tbus_unverified_by_measurement,900.0,pad_1|swa_11
bus_1060,bus_1063,sw_288,Switch,1,abc,NC,NC,,True,topology_fbus_to_tbus_unverified_by_measurement,900.0,pad_1|swa_11
bus_1060,bus_1064,sw_289,Switch,1,abc,NC,NC,,True,topology_fbus_to_tbus_unverified_by_measurement,900.0,pad_1|swa_11
bus_1060,bus_1065,sw_290,Switch,1,abc,NC,NC,,True,topology_fbus_to_tbus_unverified_by_measurement,900.0,pad_1|swa_11
bus_1066,bus_1067,sw_291,Switch,1,abc,NC,NC,,True,topology_fbus_to_tbus_unverified_by_measurement,600.0,bldg_157|group_160
bus_1072,bus_1073,sw_292,Switch,1,abc,NC,NC,,True,topology_fbus_to_tbus_unverified_by_measurement,600.0,bldg_157|group_162
bus_1079,bus_1080,sw_293,Switch,1,abc,NC,NC,,True,topology_fbus_to_tbus_unverified_by_measurement,600.0,bldg_158|group_164
bus_1085,bus_1086,sw_294,Switch,1,abc,NC,NC,,True,topology_fbus_to_tbus_unverified_by_measurement,600.0,bldg_158|group_165
bus_1091,bus_1092,sw_295,Switch,1,abc,NC,NC,,True,topology_fbus_to_tbus_unverified_by_measurement,,bldg_159|group_18
bus_1094,bus_1095,sw_296,Switch,1,abc,NC,NC,,True,topology_fbus_to_tbus_unverified_by_measurement,,bldg_159|group_18
bus_1103,bus_1104,sw_297,Switch,1,abc,NC,NC,,True,topology_fbus_to_tbus_unverified_by_measurement,600.0,bldg_163|group_168
bus_1109,bus_1110,sw_298,Switch,1,abc,NC,NC,,True,topology_fbus_to_tbus_unverified_by_measurement,600.0,bldg_163|group_169
bus_1115,bus_1116,sw_299,Switch,1,abc,NC,NC,,True,topology_fbus_to_tbus_unverified_by_measurement,600.0,ba_22|group_137
bus_1121,bus_1122,sw_300,Switch,1,abc,NC,NC,,True,topology_fbus_to_tbus_unverified_by_measurement,600.0,ba_22|group_140
bus_1135,bus_1127,sw_301,Switch,1,abc,NO,NO,,False,topology_fbus_to_tbus_unverified_by_measurement,,bldg_160
bus_1128,bus_1129,sw_302,Switch,1,abc,NC,NC,,True,topology_fbus_to_tbus_unverified_by_measurement,600.0,bldg_160|group_18|group_170
bus_1130,bus_1131,sw_303,Switch,1,abc,NO,NO,,False,topology_fbus_to_tbus_unverified_by_measurement,600.0,bldg_160|group_18|group_171|group_88
bus_1136,bus_1137,sw_304,Switch,1,abc,NC,NC,,True,topology_fbus_to_tbus_unverified_by_measurement,600.0,bldg_160|group_18|group_172|group_89
bus_1142,bus_1143,sw_305,Switch,1,abc,NO,NO,,False,topology_fbus_to_tbus_unverified_by_measurement,900.0,bldg_160|swa_12
bus_1142,bus_1144,sw_306,Switch,1,abc,NC,NC,,True,topology_fbus_to_tbus_unverified_by_measurement,900.0,bldg_160|swa_12
bus_1142,bus_1145,sw_307,Switch,1,abc,NO,NO,,False,topology_fbus_to_tbus_unverified_by_measurement,900.0,bldg_160|swa_12
bus_1148,bus_1149,sw_308,Switch,1,abc,NC,NC,,True,topology_fbus_to_tbus_unverified_by_measurement,900.0,bldg_160|swa_13
bus_1148,bus_1150,sw_309,Switch,1,abc,NC,NC,,True,topology_fbus_to_tbus_unverified_by_measurement,900.0,bldg_160|swa_13
bus_1148,bus_1151,sw_310,Switch,1,abc,NO,NO,,False,topology_fbus_to_tbus_unverified_by_measurement,900.0,bldg_160|swa_13
bus_1154,bus_1155,sw_311,Switch,1,abc,NO,NO,,False,topology_fbus_to_tbus_unverified_by_measurement,630.0,plant_2|swa_14
bus_1154,bus_1156,sw_312,Switch,1,abc,NC,NC,,True,topology_fbus_to_tbus_unverified_by_measurement,630.0,plant_2|swa_14
bus_1154,bus_1157,sw_313,Switch,1,abc,NC,NC,,True,topology_fbus_to_tbus_unverified_by_measurement,630.0,plant_2|swa_14
bus_1015,bus_1014,swmp_16,SwitchMultiPosition,1,abc,NC,NC,,True,topology_fbus_to_tbus_unverified_by_measurement,,vault_3|swa_7
bus_1015,bus_1016,swmp_16,SwitchMultiPosition,2,abc,NO,NO,,False,topology_fbus_to_tbus_unverified_by_measurement,,vault_3|swa_7
bus_1016,bus_1014,swmp_17,SwitchMultiPosition,1,abc,NO,NO,,False,topology_fbus_to_tbus_unverified_by_measurement,,vault_3|swa_7
bus_1016,bus_1017,swmp_17,SwitchMultiPosition,2,abc,NC,NC,swmp_17-2-tbus_status.csv,True,topology_fbus_to_tbus_unverified_by_measurement,,vault_3|swa_7
bus_1017,bus_1014,swmp_18,SwitchMultiPosition,1,abc,NO,NO,,False,topology_fbus_to_tbus_unverified_by_measurement,,vault_3|swa_7
bus_1017,bus_1018,swmp_18,SwitchMultiPosition,2,abc,NO,NO,,False,topology_fbus_to_tbus_unverified_by_measurement,,vault_3|swa_7
bus_1018,bus_1014,swmp_19,SwitchMultiPosition,1,abc,NO,NO,,False,topology_fbus_to_tbus_unverified_by_measurement,,vault_3|swa_7
bus_1018,bus_1019,swmp_19,SwitchMultiPosition,2,abc,NO,NO,,False,topology_fbus_to_tbus_unverified_by_measurement,,vault_3|swa_7
bus_1022,bus_1021,swmp_20,SwitchMultiPosition,1,abc,NC,NC,,True,topology_fbus_to_tbus_unverified_by_measurement,,vault_3|swa_8
bus_1022,bus_1023,swmp_20,SwitchMultiPosition,2,abc,NO,NO,,False,topology_fbus_to_tbus_unverified_by_measurement,,vault_3|swa_8
bus_1023,bus_1021,swmp_21,SwitchMultiPosition,1,abc,NC,NC,,True,topology_fbus_to_tbus_unverified_by_measurement,,vault_3|swa_8
bus_1023,bus_1024,swmp_21,SwitchMultiPosition,2,abc,NO,NO,,False,topology_fbus_to_tbus_unverified_by_measurement,,vault_3|swa_8
bus_1024,bus_1021,swmp_22,SwitchMultiPosition,1,abc,NO,NO,,False,topology_fbus_to_tbus_unverified_by_measurement,,vault_3|swa_8
bus_1024,bus_1025,swmp_22,SwitchMultiPosition,2,abc,NO,NO,,False,topology_fbus_to_tbus_unverified_by_measurement,,vault_3|swa_8
bus_1025,bus_1021,swmp_23,SwitchMultiPosition,1,abc,NO,NO,,False,topology_fbus_to_tbus_unverified_by_measurement,,vault_3|swa_8
bus_1025,bus_1026,swmp_23,SwitchMultiPosition,2,abc,NO,NO,,False,topology_fbus_to_tbus_unverified_by_measurement,,vault_3|swa_8
bus_1031,bus_1032,cb_120,CB,1,abc,NC,NC,,True,topology_fbus_to_tbus_unverified_by_measurement,,ss_4|swgr_4
bus_1037,bus_1038,cb_121,CB,1,abc,NC,NC,cb_121-tbus_status.csv,True,topology_fbus_to_tbus_unverified_by_measurement,1200.0,ss_4|swgr_2
bus_1039,bus_1040,cb_122,CB,1,abc,NC,NC,,True,topology_fbus_to_tbus_unverified_by_measurement,,ss_4|swgr_3
bus_1041,bus_1042,cb_123,CB,1,abc,NC,NC,cb_123-tbus_status.csv,True,topology_fbus_to_tbus_unverified_by_measurement,,ss_4|swgr_5|group_158
bus_1042,bus_1043,cb_124,CB,1,abc,NC,NC,,True,topology_fbus_to_tbus_unverified_by_measurement,,ss_4|swgr_5|group_158
bus_1042,bus_1044,cb_125,CB,1,abc,NC,NC,,True,topology_fbus_to_tbus_unverified_by_measurement,,ss_4|swgr_5|group_158
bus_1042,bus_1045,cb_126,CB,1,abc,NC,NC,,True,topology_fbus_to_tbus_unverified_by_measurement,,ss_4|swgr_5|group_158
bus_1042,bus_1046,cb_127,CB,1,abc,NC,NC,,True,topology_fbus_to_tbus_unverified_by_measurement,,ss_4|swgr_5|group_158
bus_1042,bus_1047,cb_128,CB,1,abc,NO,NO,cb_128-tbus_status.csv,False,topology_fbus_to_tbus_unverified_by_measurement,2000.0,ss_4|swgr_5|group_158|group_159
bus_1047,bus_1048,cb_129,CB,1,abc,NC,NC,,True,topology_fbus_to_tbus_unverified_by_measurement,,ss_4|swgr_5|group_159
bus_1047,bus_1049,cb_130,CB,1,abc,NC,NC,,True,topology_fbus_to_tbus_unverified_by_measurement,,ss_4|swgr_5|group_159
bus_1047,bus_1050,cb_131,CB,1,abc,NC,NC,,True,topology_fbus_to_tbus_unverified_by_measurement,,ss_4|swgr_5|group_159
bus_1047,bus_1051,cb_132,CB,1,abc,NC,NC,,True,topology_fbus_to_tbus_unverified_by_measurement,,ss_4|swgr_5|group_159
bus_1052,bus_1047,cb_133,CB,1,abc,NC,NC,,True,topology_fbus_to_tbus_unverified_by_measurement,,ss_4|swgr_5|group_159
bus_1069,bus_1070,cb_134,CB,1,abc,NC,NC,cb_134-tbus_status.csv,True,topology_fbus_to_tbus_unverified_by_measurement,2000.0,bldg_157|group_161|swgr_6
bus_1070,bus_1076,cb_135,CB,1,abc,NO,NO,cb_135-tbus_status.csv,False,topology_fbus_to_tbus_unverified_by_measurement,2000.0,bldg_157|group_161|group_163|swgr_6
bus_1075,bus_1076,cb_136,CB,1,abc,NC,NC,,True,topology_fbus_to_tbus_unverified_by_measurement,2000.0,bldg_157|group_163|swgr_6
bus_1082,bus_1083,cb_137,CB,1,abc,NC,NC,cb_137-tbus_status.csv,True,topology_fbus_to_tbus_unverified_by_measurement,2000.0,bldg_158|group_28
bus_1083,bus_1089,cb_138,CB,1,abc,NO,NO,cb_138-tbus_status.csv,False,topology_fbus_to_tbus_unverified_by_measurement,2000.0,bldg_158|group_28|group_29
bus_1088,bus_1089,cb_139,CB,1,abc,NC,NC,,True,topology_fbus_to_tbus_unverified_by_measurement,2000.0,bldg_158|group_29
bus_1097,bus_1098,cb_140,CB,1,abc,NC,NC,cb_140-tbus_status.csv,True,topology_fbus_to_tbus_unverified_by_measurement,1200.0,bldg_159|group_166
bus_1100,bus_1101,cb_141,CB,1,abc,NC,NC,,True,topology_fbus_to_tbus_unverified_by_measurement,1200.0,bldg_159|group_167
bus_1098,bus_1101,cb_142,CB,1,abc,NO,NO,cb_142-tbus_status.csv,False,topology_fbus_to_tbus_unverified_by_measurement,1200.0,bldg_159
bus_1106,bus_1107,cb_143,CB,1,abc,NC,NC,cb_143-tbus_status.csv,True,topology_fbus_to_tbus_unverified_by_measurement,2000.0,bldg_163|group_88
bus_1107,bus_1113,cb_144,CB,1,abc,NO,NO,,False,topology_fbus_to_tbus_unverified_by_measurement,2000.0,bldg_163|group_88|group_29
bus_1112,bus_1113,cb_145,CB,1,abc,NC,NC,cb_145-tbus_status.csv,True,topology_fbus_to_tbus_unverified_by_measurement,2000.0,bldg_163|group_89
bus_1118,bus_1119,cb_146,CB,1,abc,NC,NC,cb_146-tbus_status.csv,True,topology_fbus_to_tbus_unverified_by_measurement,3200.0,ba_22|group_88
bus_1119,bus_1125,cb_147,CB,1,abc,NO,NO,cb_147-tbus_status.csv,False,topology_fbus_to_tbus_unverified_by_measurement,3200.0,ba_22|group_88|group_29
bus_1124,bus_1125,cb_148,CB,1,abc,NC,NC,,True,topology_fbus_to_tbus_unverified_by_measurement,2000.0,ba_22|group_89
bus_1133,bus_1134,cb_149,CB,1,abc,NC,NC,,True,topology_fbus_to_tbus_unverified_by_measurement,3200.0,bldg_160|group_88
bus_1134,bus_1140,cb_150,CB,1,abc,NC,NC,,True,topology_fbus_to_tbus_unverified_by_measurement,3200.0,bldg_160|group_88|group_89
bus_1139,bus_1140,cb_151,CB,1,abc,NO,NO,,False,topology_fbus_to_tbus_unverified_by_measurement,3200.0,bldg_160|group_89
bus_1142,bus_1146,cb_152,CB,1,abc,NC,NC,,True,topology_fbus_to_tbus_unverified_by_measurement,900.0,bldg_160|swa_12
bus_1142,bus_1147,cb_153,CB,1,abc,NC,NC,,True,topology_fbus_to_tbus_unverified_by_measurement,900.0,bldg_160|swa_12
bus_1148,bus_1152,cb_154,CB,1,abc,NC,NC,,True,topology_fbus_to_tbus_unverified_by_measurement,900.0,bldg_160|swa_13
bus_1148,bus_1153,cb_155,CB,1,abc,NC,NC,,True,topology_fbus_to_tbus_unverified_by_measurement,900.0,bldg_160|swa_13
bus_1161,bus_1162,cb_156,CB,1,abc,NC,NC,,True,topology_fbus_to_tbus_unverified_by_measurement,1500.0,plant_2|group_173|bldg_167|swbd_2
bus_1161,bus_1163,cb_157,CB,1,abc,NC,NC,,True,topology_fbus_to_tbus_unverified_by_measurement,1500.0,plant_2|group_173|bldg_167|swbd_2
bus_1161,bus_1164,cb_158,CB,1,abc,NC,NC,,True,topology_fbus_to_tbus_unverified_by_measurement,1500.0,plant_2|group_173|bldg_167|swbd_2
bus_1175,bus_1174,cb_159,CB,1,abc,NC,NC,,True,topology_fbus_to_tbus_unverified_by_measurement,1500.0,plant_2|group_173|bldg_167|swbd_2
bus_1176,bus_1177,cb_160,CB,1,abc,NC,NC,,True,topology_fbus_to_tbus_unverified_by_measurement,600.0,plant_2|group_176|plant_1|swbd_3
bus_1176,bus_1178,cb_161,CB,1,abc,NC,NC,,True,topology_fbus_to_tbus_unverified_by_measurement,600.0,plant_2|group_176|plant_1|swbd_3
bus_1176,bus_1179,cb_162,CB,1,abc,NC,NC,,True,topology_fbus_to_tbus_unverified_by_measurement,600.0,plant_2|group_176|plant_1|swbd_3
bus_1176,bus_1180,cb_163,CB,1,abc,NC,NC,,True,topology_fbus_to_tbus_unverified_by_measurement,600.0,plant_2|group_176|plant_1|swbd_3
bus_1176,bus_1181,cb_164,CB,1,abc,NC,NC,,True,topology_fbus_to_tbus_unverified_by_measurement,600.0,plant_2|group_176|plant_1|swbd_3
bus_1183,bus_1182,cb_165,CB,1,abc,NC,NC,,True,topology_fbus_to_tbus_unverified_by_measurement,2000.0,plant_2|group_176|plant_1|swbd_3
bus_1184,bus_1185,cb_166,CB,1,abc,NC,NC,,True,topology_fbus_to_tbus_unverified_by_measurement,600.0,plant_2|group_176|plant_1|swbd_4
bus_1184,bus_1186,cb_167,CB,1,abc,NC,NC,,True,topology_fbus_to_tbus_unverified_by_measurement,600.0,plant_2|group_176|plant_1|swbd_4
bus_1184,bus_1187,cb_168,CB,1,abc,NC,NC,,True,topology_fbus_to_tbus_unverified_by_measurement,600.0,plant_2|group_176|plant_1|swbd_4
bus_1184,bus_1188,cb_169,CB,1,abc,NC,NC,,True,topology_fbus_to_tbus_unverified_by_measurement,600.0,plant_2|group_176|plant_1|swbd_4
bus_1184,bus_1189,cb_170,CB,1,abc,NC,NC,,True,topology_fbus_to_tbus_unverified_by_measurement,600.0,plant_2|group_176|plant_1|swbd_4
bus_1191,bus_1190,cb_171,CB,1,abc,NC,NC,,True,topology_fbus_to_tbus_unverified_by_measurement,2000.0,plant_2|group_176|plant_1|swbd_4
bus_1192,bus_1193,cb_172,CB,1,abc,NC,NC,,True,topology_fbus_to_tbus_unverified_by_measurement,400.0,plant_2|group_175|plant_1|swbd_5
bus_1192,bus_1194,cb_173,CB,1,abc,NC,NC,,True,topology_fbus_to_tbus_unverified_by_measurement,400.0,plant_2|group_175|plant_1|swbd_5
bus_1192,bus_1195,cb_174,CB,1,abc,NC,NC,,True,topology_fbus_to_tbus_unverified_by_measurement,400.0,plant_2|group_175|plant_1|swbd_5
bus_1192,bus_1196,cb_175,CB,1,abc,NC,NC,,True,topology_fbus_to_tbus_unverified_by_measurement,400.0,plant_2|group_175|plant_1|swbd_5
bus_1198,bus_1197,cb_176,CB,1,abc,NC,NC,,True,topology_fbus_to_tbus_unverified_by_measurement,1600.0,plant_2|group_175|plant_1|swbd_5
bus_1067,bus_1068,fu_122,Fuse,1,abc,NC,NC,,True,topology_fbus_to_tbus_unverified_by_measurement,400.0,bldg_157|group_160
bus_1073,bus_1074,fu_123,Fuse,1,abc,NC,NC,,True,topology_fbus_to_tbus_unverified_by_measurement,400.0,bldg_157|group_162
bus_1080,bus_1081,fu_124,Fuse,1,abc,NC,NC,,True,topology_fbus_to_tbus_unverified_by_measurement,400.0,bldg_158|group_164
bus_1086,bus_1087,fu_125,Fuse,1,abc,NC,NC,,True,topology_fbus_to_tbus_unverified_by_measurement,400.0,bldg_158|group_165
bus_1092,bus_1093,fu_126,Fuse,1,abc,NC,NC,,True,topology_fbus_to_tbus_unverified_by_measurement,300.0,bldg_159|group_18
bus_1095,bus_1096,fu_127,Fuse,1,abc,NC,NC,,True,topology_fbus_to_tbus_unverified_by_measurement,300.0,bldg_159|group_18
bus_1104,bus_1105,fu_128,Fuse,1,abc,NC,NC,,True,topology_fbus_to_tbus_unverified_by_measurement,500.0,bldg_163|group_168
bus_1110,bus_1111,fu_129,Fuse,1,abc,NC,NC,,True,topology_fbus_to_tbus_unverified_by_measurement,500.0,bldg_163|group_169
bus_1116,bus_1117,fu_130,Fuse,1,abc,NC,NC,,True,topology_fbus_to_tbus_unverified_by_measurement,500.0,ba_22|group_137
bus_1122,bus_1123,fu_131,Fuse,1,abc,NC,NC,,True,topology_fbus_to_tbus_unverified_by_measurement,500.0,ba_22|group_140
bus_1131,bus_1132,fu_132,Fuse,1,abc,NC,NC,,True,topology_fbus_to_tbus_unverified_by_measurement,600.0,bldg_160|group_18|group_171|group_88
bus_1137,bus_1138,fu_133,Fuse,1,abc,NC,NC,,True,topology_fbus_to_tbus_unverified_by_measurement,600.0,bldg_160|group_18|group_172|group_89
bus_1158,bus_1159,vfi_4,VFI,1,abc,NC,NC,,True,topology_fbus_to_tbus_unverified_by_measurement,,plant_2|group_173|bldg_167
bus_1165,bus_1166,vfi_5,VFI,1,abc,NC,NC,,True,topology_fbus_to_tbus_unverified_by_measurement,,plant_2|group_175|plant_1
bus_1169,bus_1168,vfi_6,VFI,1,abc,NC,NC,,True,topology_fbus_to_tbus_unverified_by_measurement,,plant_2|group_176|group_170|plant_1
bus_1167,bus_1170,vfi_7,VFI,1,abc,NC,NC,,True,topology_fbus_to_tbus_unverified_by_measurement,,plant_2|group_176|group_177|plant_1
