meter,channel,data_file,unit,measurement_kind,element_reference,base_element,nominal_voltage,register_expression,measurement_semantics,voltage_response_eligible,rating,groups
egauge_3,Mains_Power,egauge_3-Mains_Power,W,real_power,cb_143,cb_143,,S1*L1+S2*L2+S3*L3,real_power,False,,bldg_163|group_166|group_28
egauge_3,L1,egauge_3-L1,V,voltage_magnitude,bus_1107.ag,bus_1107,277.0,L1,direct_phase_to_ground_voltage_magnitude,True,,bldg_163|group_166|group_28
egauge_3,L2,egauge_3-L2,V,voltage_magnitude,bus_1107.bg,bus_1107,277.0,L2,direct_phase_to_ground_voltage_magnitude,True,,bldg_163|group_166|group_28
egauge_3,L3,egauge_3-L3,V,voltage_magnitude,bus_1107.cg,bus_1107,277.0,L3,direct_phase_to_ground_voltage_magnitude,True,,bldg_163|group_166|group_28
egauge_3,CT1,egauge_3-CT1,A,current_magnitude,cb_143.a,cb_143,,S1,current_magnitude,False,2000.0,bldg_163|group_166|group_28
egauge_3,CT2,egauge_3-CT2,A,current_magnitude,cb_143.b,cb_143,,S2,current_magnitude,False,2000.0,bldg_163|group_166|group_28
egauge_3,CT3,egauge_3-CT3,A,current_magnitude,cb_143.c,cb_143,,S3,current_magnitude,False,2000.0,bldg_163|group_166|group_28
egauge_3,CT4,egauge_3-CT4,A,current_magnitude,cb_143.n,cb_143,,S4,current_magnitude,False,2000.0,bldg_163|group_166|group_28
egauge_4,Mains_Power,egauge_4-Mains_Power,W,real_power,cb_145,cb_145,,S1*L1+S2*L2+S3*L3,real_power,False,,bldg_163|group_167|group_29
egauge_4,L1,egauge_4-L1,V,voltage_magnitude,bus_1113.ag,bus_1113,277.0,L1,direct_phase_to_ground_voltage_magnitude,True,,bldg_163|group_167|group_29
egauge_4,L2,egauge_4-L2,V,voltage_magnitude,bus_1113.bg,bus_1113,277.0,L2,direct_phase_to_ground_voltage_magnitude,True,,bldg_163|group_167|group_29
egauge_4,L3,egauge_4-L3,V,voltage_magnitude,bus_1113.cg,bus_1113,277.0,L3,direct_phase_to_ground_voltage_magnitude,True,,bldg_163|group_167|group_29
egauge_4,CT1,egauge_4-CT1,A,current_magnitude,cb_145.a,cb_145,,S1,current_magnitude,False,2000.0,bldg_163|group_167|group_29
egauge_4,CT2,egauge_4-CT2,A,current_magnitude,cb_145.b,cb_145,,S2,current_magnitude,False,2000.0,bldg_163|group_167|group_29
egauge_4,CT3,egauge_4-CT3,A,current_magnitude,cb_145.c,cb_145,,S3,current_magnitude,False,2000.0,bldg_163|group_167|group_29
egauge_4,CT4,egauge_4-CT4,A,current_magnitude,cb_145.n,cb_145,,S4,current_magnitude,False,2000.0,bldg_163|group_167|group_29
egauge_5,Mains_Power,egauge_5-Mains_Power,W,real_power,cb_149,cb_149,,S1*L1+S2*L2+S3*L3,real_power,False,,bldg_160|group_88|group_204
egauge_5,L1,egauge_5-L1,V,voltage_magnitude,bus_1134.ag,bus_1134,277.0,L1,direct_phase_to_ground_voltage_magnitude,True,,bldg_160|group_88|group_204
egauge_5,L2,egauge_5-L2,V,voltage_magnitude,bus_1134.bg,bus_1134,277.0,L2,direct_phase_to_ground_voltage_magnitude,True,,bldg_160|group_88|group_204
egauge_5,L3,egauge_5-L3,V,voltage_magnitude,bus_1134.cg,bus_1134,277.0,L3,direct_phase_to_ground_voltage_magnitude,True,,bldg_160|group_88|group_204
egauge_5,CT1,egauge_5-CT1,A,current_magnitude,cb_149.a,cb_149,,S1,current_magnitude,False,640.0,bldg_160|group_88|group_204
egauge_5,CT2,egauge_5-CT2,A,current_magnitude,cb_149.b,cb_149,,S2,current_magnitude,False,640.0,bldg_160|group_88|group_204
egauge_5,CT3,egauge_5-CT3,A,current_magnitude,cb_149.c,cb_149,,S3,current_magnitude,False,640.0,bldg_160|group_88|group_204
egauge_6,Mains_Power,egauge_6-Mains_Power,W,real_power,cb_151,cb_151,,S1*L1+S2*L2+S3*L3,real_power,False,,bldg_160|group_89|group_205
egauge_6,L1,egauge_6-L1,V,voltage_magnitude,bus_1140.ag,bus_1140,277.0,L1,direct_phase_to_ground_voltage_magnitude,True,,bldg_160|group_89|group_205
egauge_6,L2,egauge_6-L2,V,voltage_magnitude,bus_1140.bg,bus_1140,277.0,L2,direct_phase_to_ground_voltage_magnitude,True,,bldg_160|group_89|group_205
egauge_6,L3,egauge_6-L3,V,voltage_magnitude,bus_1140.cg,bus_1140,277.0,L3,direct_phase_to_ground_voltage_magnitude,True,,bldg_160|group_89|group_205
egauge_6,CT1,egauge_6-CT1,A,current_magnitude,cb_151.a,cb_151,,S1,current_magnitude,False,640.0,bldg_160|group_89|group_205
egauge_6,CT2,egauge_6-CT2,A,current_magnitude,cb_151.b,cb_151,,S2,current_magnitude,False,640.0,bldg_160|group_89|group_205
egauge_6,CT3,egauge_6-CT3,A,current_magnitude,cb_151.c,cb_151,,S3,current_magnitude,False,640.0,bldg_160|group_89|group_205
egauge_7,Mains_Power,egauge_7-Mains_Power,W,real_power,cb_146,cb_146,,S1*L1+S2*L2+S3*L3,real_power,False,,ba_22|group_88|group_206
egauge_7,L1,egauge_7-L1,V,voltage_magnitude,bus_1119.ag,bus_1119,277.0,L1,direct_phase_to_ground_voltage_magnitude,True,,ba_22|group_88|group_206
egauge_7,L2,egauge_7-L2,V,voltage_magnitude,bus_1119.bg,bus_1119,277.0,L2,direct_phase_to_ground_voltage_magnitude,True,,ba_22|group_88|group_206
egauge_7,L3,egauge_7-L3,V,voltage_magnitude,bus_1119.cg,bus_1119,277.0,L3,direct_phase_to_ground_voltage_magnitude,True,,ba_22|group_88|group_206
egauge_7,CT1,egauge_7-CT1,A,current_magnitude,cb_146.a,cb_146,,S1,current_magnitude,False,3200.0,ba_22|group_88|group_206
egauge_7,CT2,egauge_7-CT2,A,current_magnitude,cb_146.b,cb_146,,S2,current_magnitude,False,3200.0,ba_22|group_88|group_206
egauge_7,CT3,egauge_7-CT3,A,current_magnitude,cb_146.c,cb_146,,S3,current_magnitude,False,3200.0,ba_22|group_88|group_206
egauge_8,Mains_Power,egauge_8-Mains_Power,W,real_power,cb_148,cb_148,,S1*L1+S2*L2+S3*L3,real_power,False,,ba_22|group_89|group_207
egauge_8,L1,egauge_8-L1,V,voltage_magnitude,bus_1125.ag,bus_1125,277.0,L1,direct_phase_to_ground_voltage_magnitude,True,,ba_22|group_89|group_207
egauge_8,L2,egauge_8-L2,V,voltage_magnitude,bus_1125.bg,bus_1125,277.0,L2,direct_phase_to_ground_voltage_magnitude,True,,ba_22|group_89|group_207
egauge_8,L3,egauge_8-L3,V,voltage_magnitude,bus_1125.cg,bus_1125,277.0,L3,direct_phase_to_ground_voltage_magnitude,True,,ba_22|group_89|group_207
egauge_8,CT1,egauge_8-CT1,A,current_magnitude,cb_148.a,cb_148,,S1,current_magnitude,False,3200.0,ba_22|group_89|group_207
egauge_8,CT2,egauge_8-CT2,A,current_magnitude,cb_148.b,cb_148,,S2,current_magnitude,False,3200.0,ba_22|group_89|group_207
egauge_8,CT3,egauge_8-CT3,A,current_magnitude,cb_148.c,cb_148,,S3,current_magnitude,False,3200.0,ba_22|group_89|group_207
egauge_9,Mains_Power,egauge_9-Mains_Power,W,real_power,cb_137,cb_137,,S1*L1+S2*L2+S3*L3,real_power,False,,bldg_158|group_28|group_204
egauge_9,L1,egauge_9-L1,V,voltage_magnitude,bus_1083.ag,bus_1083,277.0,L1,direct_phase_to_ground_voltage_magnitude,True,,bldg_158|group_28|group_204
egauge_9,L2,egauge_9-L2,V,voltage_magnitude,bus_1083.bg,bus_1083,277.0,L2,direct_phase_to_ground_voltage_magnitude,True,,bldg_158|group_28|group_204
egauge_9,L3,egauge_9-L3,V,voltage_magnitude,bus_1083.cg,bus_1083,277.0,L3,direct_phase_to_ground_voltage_magnitude,True,,bldg_158|group_28|group_204
egauge_9,CT1,egauge_9-CT1,A,current_magnitude,cb_137.a,cb_137,,S1,current_magnitude,False,2000.0,bldg_158|group_28|group_204
egauge_9,CT2,egauge_9-CT2,A,current_magnitude,cb_137.b,cb_137,,S2,current_magnitude,False,2000.0,bldg_158|group_28|group_204
egauge_9,CT3,egauge_9-CT3,A,current_magnitude,cb_137.c,cb_137,,S3,current_magnitude,False,2000.0,bldg_158|group_28|group_204
egauge_10,Mains_Power,egauge_10-Mains_Power,W,real_power,cb_139,cb_139,,S1*L1+S2*L2+S3*L3,real_power,False,,bldg_158|group_29|group_205
egauge_10,L1,egauge_10-L1,V,voltage_magnitude,bus_1089.ag,bus_1089,277.0,L1,direct_phase_to_ground_voltage_magnitude,True,,bldg_158|group_29|group_205
egauge_10,L2,egauge_10-L2,V,voltage_magnitude,bus_1089.bg,bus_1089,277.0,L2,direct_phase_to_ground_voltage_magnitude,True,,bldg_158|group_29|group_205
egauge_10,L3,egauge_10-L3,V,voltage_magnitude,bus_1089.cg,bus_1089,277.0,L3,direct_phase_to_ground_voltage_magnitude,True,,bldg_158|group_29|group_205
egauge_10,CT1,egauge_10-CT1,A,current_magnitude,cb_139.a,cb_139,,S1,current_magnitude,False,2000.0,bldg_158|group_29|group_205
egauge_10,CT2,egauge_10-CT2,A,current_magnitude,cb_139.b,cb_139,,S2,current_magnitude,False,2000.0,bldg_158|group_29|group_205
egauge_10,CT3,egauge_10-CT3,A,current_magnitude,cb_139.c,cb_139,,S3,current_magnitude,False,2000.0,bldg_158|group_29|group_205
egauge_11,Mains_Power,egauge_11-Mains_Power,W,real_power,cb_134,cb_134,,S1*L1+S2*L2+S3*L3,real_power,False,,bldg_157|group_161|group_28
egauge_11,L1,egauge_11-L1,V,voltage_magnitude,bus_1070.ag,bus_1070,277.0,L1,direct_phase_to_ground_voltage_magnitude,True,,bldg_157|group_161|group_28
egauge_11,L2,egauge_11-L2,V,voltage_magnitude,bus_1070.bg,bus_1070,277.0,L2,direct_phase_to_ground_voltage_magnitude,True,,bldg_157|group_161|group_28
egauge_11,L3,egauge_11-L3,V,voltage_magnitude,bus_1070.cg,bus_1070,277.0,L3,direct_phase_to_ground_voltage_magnitude,True,,bldg_157|group_161|group_28
egauge_11,CT1,egauge_11-CT1,A,current_magnitude,cb_134.a,cb_134,,S1,current_magnitude,False,2000.0,bldg_157|group_161|group_28
egauge_11,CT2,egauge_11-CT2,A,current_magnitude,cb_134.b,cb_134,,S2,current_magnitude,False,2000.0,bldg_157|group_161|group_28
egauge_11,CT3,egauge_11-CT3,A,current_magnitude,cb_134.c,cb_134,,S3,current_magnitude,False,2000.0,bldg_157|group_161|group_28
egauge_12,Mains_Power,egauge_12-Mains_Power,W,real_power,cb_136,cb_136,,S1*L1+S2*L2+S3*L3,real_power,False,,bldg_157|group_163|group_29
egauge_12,L1,egauge_12-L1,V,voltage_magnitude,bus_1076.ag,bus_1076,277.0,L1,direct_phase_to_ground_voltage_magnitude,True,,bldg_157|group_163|group_29
egauge_12,L2,egauge_12-L2,V,voltage_magnitude,bus_1076.bg,bus_1076,277.0,L2,direct_phase_to_ground_voltage_magnitude,True,,bldg_157|group_163|group_29
egauge_12,L3,egauge_12-L3,V,voltage_magnitude,bus_1076.cg,bus_1076,277.0,L3,direct_phase_to_ground_voltage_magnitude,True,,bldg_157|group_163|group_29
egauge_12,CT1,egauge_12-CT1,A,current_magnitude,cb_136.a,cb_136,,S1,current_magnitude,False,2000.0,bldg_157|group_163|group_29
egauge_12,CT2,egauge_12-CT2,A,current_magnitude,cb_136.b,cb_136,,S2,current_magnitude,False,2000.0,bldg_157|group_163|group_29
egauge_12,CT3,egauge_12-CT3,A,current_magnitude,cb_136.c,cb_136,,S3,current_magnitude,False,2000.0,bldg_157|group_163|group_29
egauge_13,Mains_Power,egauge_13-Mains_Power,W,real_power,cb_140,cb_140,,S1*L1+S2*L2+S3*L3,real_power,False,,bldg_159|group_166|group_208
egauge_13,L3,egauge_13-L3,V,voltage_magnitude,bus_1098.ag,bus_1098,277.0,L3,direct_phase_to_ground_voltage_magnitude,True,,bldg_159|group_166|group_208
egauge_13,L2,egauge_13-L2,V,voltage_magnitude,bus_1098.bg,bus_1098,277.0,L2,direct_phase_to_ground_voltage_magnitude,True,,bldg_159|group_166|group_208
egauge_13,L1,egauge_13-L1,V,voltage_magnitude,bus_1098.cg,bus_1098,277.0,L1,direct_phase_to_ground_voltage_magnitude,True,,bldg_159|group_166|group_208
egauge_13,CT3,egauge_13-CT3,A,current_magnitude,cb_140.a,cb_140,,S3,current_magnitude,False,1200.0,bldg_159|group_166|group_208
egauge_13,CT2,egauge_13-CT2,A,current_magnitude,cb_140.b,cb_140,,S2,current_magnitude,False,1200.0,bldg_159|group_166|group_208
egauge_13,CT1,egauge_13-CT1,A,current_magnitude,cb_140.c,cb_140,,S1,current_magnitude,False,1200.0,bldg_159|group_166|group_208
egauge_14,Mains_Power,egauge_14-Mains_Power,W,real_power,cb_141,cb_141,,S1*L1+S2*L2+S3*L3,real_power,False,,bldg_159|group_167|group_209
egauge_14,L3,egauge_14-L3,V,voltage_magnitude,bus_1101.ag,bus_1101,277.0,L3,direct_phase_to_ground_voltage_magnitude,True,,bldg_159|group_167|group_209
egauge_14,L2,egauge_14-L2,V,voltage_magnitude,bus_1101.bg,bus_1101,277.0,L2,direct_phase_to_ground_voltage_magnitude,True,,bldg_159|group_167|group_209
egauge_14,L1,egauge_14-L1,V,voltage_magnitude,bus_1101.cg,bus_1101,277.0,L1,direct_phase_to_ground_voltage_magnitude,True,,bldg_159|group_167|group_209
egauge_14,CT3,egauge_14-CT3,A,current_magnitude,cb_141.a,cb_141,,S3,current_magnitude,False,1200.0,bldg_159|group_167|group_209
egauge_14,CT2,egauge_14-CT2,A,current_magnitude,cb_141.b,cb_141,,S2,current_magnitude,False,1200.0,bldg_159|group_167|group_209
egauge_14,CT1,egauge_14-CT1,A,current_magnitude,cb_141.c,cb_141,,S1,current_magnitude,False,1200.0,bldg_159|group_167|group_209
egauge_15,Mains_Power,egauge_15-Mains_Power,W,real_power,line_387,line_387,,S1*L1+S2*L2+S3*L3,real_power,False,,bldg_164
egauge_15,L3,egauge_15-L3,V,voltage_magnitude,bus_1078.ag,bus_1078,277.0,L3,direct_phase_to_ground_voltage_magnitude,True,,bldg_164
egauge_15,L2,egauge_15-L2,V,voltage_magnitude,bus_1078.bg,bus_1078,277.0,L2,direct_phase_to_ground_voltage_magnitude,True,,bldg_164
egauge_15,L1,egauge_15-L1,V,voltage_magnitude,bus_1078.cg,bus_1078,277.0,L1,direct_phase_to_ground_voltage_magnitude,True,,bldg_164
egauge_15,CT3,egauge_15-CT3,A,current_magnitude,line_387.a,line_387,,S3,current_magnitude,False,600.0,bldg_164
egauge_15,CT2,egauge_15-CT2,A,current_magnitude,line_387.b,line_387,,S2,current_magnitude,False,600.0,bldg_164
egauge_15,CT1,egauge_15-CT1,A,current_magnitude,line_387.c,line_387,,S1,current_magnitude,False,600.0,bldg_164
egauge_16,Mains_Power,egauge_16-Mains_Power,W,real_power,line_402,line_402,,S1*L1+S2*L2+S3*L3,real_power,False,,plant_2|group_173|swbd_2|bldg_167
egauge_16,PF_Power,egauge_16-PF_Power,W,real_power,line_427,line_427,,S4*L1+S5*L2+S6*L3,real_power,False,,plant_2|group_173|swbd_2|bldg_167
egauge_16,SouthPV_Power,egauge_16-SouthPV_Power,W,real_power,line_403,line_403,,S7*L1+S8*L2+S9*L3,real_power,False,,plant_2|group_173|swbd_2|bldg_167
egauge_16,NorthPV_Power,egauge_16-NorthPV_Power,W,real_power,line_428,line_428,,S10*L1+S11*L2+S12*L3,real_power,False,,plant_2|group_173|swbd_2|bldg_167
egauge_16,L1,egauge_16-L1,V,voltage_magnitude,bus_1161.ag,bus_1161,277.0,L1,direct_phase_to_ground_voltage_magnitude,True,,plant_2|group_173|swbd_2|bldg_167
egauge_16,L2,egauge_16-L2,V,voltage_magnitude,bus_1161.bg,bus_1161,277.0,L2,direct_phase_to_ground_voltage_magnitude,True,,plant_2|group_173|swbd_2|bldg_167
egauge_16,L3,egauge_16-L3,V,voltage_magnitude,bus_1161.cg,bus_1161,277.0,L3,direct_phase_to_ground_voltage_magnitude,True,,plant_2|group_173|swbd_2|bldg_167
egauge_16,CT1,egauge_16-CT1,A,current_magnitude,line_402.a,line_402,,S1,current_magnitude,False,2775.0,plant_2|group_173|swbd_2|bldg_167
egauge_16,CT2,egauge_16-CT2,A,current_magnitude,line_402.b,line_402,,S2,current_magnitude,False,2775.0,plant_2|group_173|swbd_2|bldg_167
egauge_16,CT3,egauge_16-CT3,A,current_magnitude,line_402.c,line_402,,S3,current_magnitude,False,2775.0,plant_2|group_173|swbd_2|bldg_167
egauge_16,PF_A,egauge_16-PF_A,A,current_magnitude,line_427.a,line_427,,S4,current_magnitude,False,600.0,plant_2|group_173|swbd_2|bldg_167
egauge_16,PF_B,egauge_16-PF_B,A,current_magnitude,line_427.b,line_427,,S5,current_magnitude,False,600.0,plant_2|group_173|swbd_2|bldg_167
egauge_16,PF_C,egauge_16-PF_C,A,current_magnitude,line_427.c,line_427,,S6,current_magnitude,False,600.0,plant_2|group_173|swbd_2|bldg_167
egauge_16,SouthPV_A,egauge_16-SouthPV_A,A,current_magnitude,line_403.a,line_403,,S7,current_magnitude,False,600.0,plant_2|group_173|swbd_2|bldg_167
egauge_16,SouthPV_B,egauge_16-SouthPV_B,A,current_magnitude,line_403.b,line_403,,S8,current_magnitude,False,600.0,plant_2|group_173|swbd_2|bldg_167
egauge_16,SouthPV_C,egauge_16-SouthPV_C,A,current_magnitude,line_403.c,line_403,,S9,current_magnitude,False,600.0,plant_2|group_173|swbd_2|bldg_167
egauge_16,NorthPV_A,egauge_16-NorthPV_A,A,current_magnitude,line_428.a,line_428,,S10,current_magnitude,False,600.0,plant_2|group_173|swbd_2|bldg_167
egauge_16,NorthPV_B,egauge_16-NorthPV_B,A,current_magnitude,line_428.b,line_428,,S11,current_magnitude,False,600.0,plant_2|group_173|swbd_2|bldg_167
egauge_16,NorthPV_C,egauge_16-NorthPV_C,A,current_magnitude,line_428.c,line_428,,S12,current_magnitude,False,600.0,plant_2|group_173|swbd_2|bldg_167
egauge_17,L1,,V,voltage_magnitude,,,,L1,unbound_voltage_register,False,,ss_4
egauge_17,L2,,V,voltage_magnitude,,,,L2,unbound_voltage_register,False,,ss_4
egauge_17,V_ab,egauge_17-V_ab,V,voltage_magnitude,bus_1041.ab,bus_1041,1386.0,L1,derived_or_signed_voltage_channel,False,,ss_4
egauge_17,V_bc,egauge_17-V_bc,V,voltage_magnitude,bus_1041.bc,bus_1041,1386.0,"=-$""L2""",derived_or_signed_voltage_channel,False,,ss_4
egauge_17,V_ca,egauge_17-V_ca,V,voltage_magnitude,bus_1041.ca,bus_1041,1386.0,"=$""L2""-$""L1""",derived_or_signed_voltage_channel,False,,ss_4
egauge_17,CT1,egauge_17-CT1,A,current_magnitude,line_382.a,line_382,,S1,current_magnitude,False,2000.0,ss_4
egauge_17,CT2,egauge_17-CT2,A,current_magnitude,line_382.b,line_382,,S2,current_magnitude,False,2000.0,ss_4
egauge_17,CT3,egauge_17-CT3,A,current_magnitude,line_382.c,line_382,,S3,current_magnitude,False,2000.0,ss_4
egauge_18,L1,,V,voltage_magnitude,,,,L1,unbound_voltage_register,False,,ss_4
egauge_18,L2,,V,voltage_magnitude,,,,L2,unbound_voltage_register,False,,ss_4
egauge_18,V_ab,egauge_18-V_ab,V,voltage_magnitude,bus_1052.ab,bus_1052,1386.0,L1,derived_or_signed_voltage_channel,False,,ss_4
egauge_18,V_bc,egauge_18-V_bc,V,voltage_magnitude,bus_1052.bc,bus_1052,1386.0,"=-$""L2""",derived_or_signed_voltage_channel,False,,ss_4
egauge_18,V_ca,egauge_18-V_ca,V,voltage_magnitude,bus_1052.ca,bus_1052,1386.0,"=$""L2""-$""L1""",derived_or_signed_voltage_channel,False,,ss_4
egauge_18,CT1,egauge_18-CT1,A,current_magnitude,line_384.a,line_384,,S1,current_magnitude,False,2000.0,ss_4
egauge_18,CT2,egauge_18-CT2,A,current_magnitude,line_384.b,line_384,,S2,current_magnitude,False,2000.0,ss_4
egauge_18,CT3,egauge_18-CT3,A,current_magnitude,line_384.c,line_384,,S3,current_magnitude,False,2000.0,ss_4
egauge_19,Mains_Power,egauge_19-Mains_Power,W,real_power,line_379,line_379,,S1*L1+S2*L2+S3*L3,real_power,False,,ss_4
egauge_19,L1,egauge_19-L1,V,voltage_magnitude,bus_1032.ag,bus_1032,9526.3,L1,direct_phase_to_ground_voltage_magnitude,True,,ss_4
egauge_19,L2,egauge_19-L2,V,voltage_magnitude,bus_1032.bg,bus_1032,9526.3,L2,direct_phase_to_ground_voltage_magnitude,True,,ss_4
egauge_19,L3,egauge_19-L3,V,voltage_magnitude,bus_1032.cg,bus_1032,9526.3,L3,direct_phase_to_ground_voltage_magnitude,True,,ss_4
egauge_19,CT1,egauge_19-CT1,A,current_magnitude,line_379.a,line_379,,S1,current_magnitude,False,1200.0,ss_4
egauge_19,CT2,egauge_19-CT2,A,current_magnitude,line_379.b,line_379,,S2,current_magnitude,False,1200.0,ss_4
egauge_19,CT3,egauge_19-CT3,A,current_magnitude,line_379.c,line_379,,S3,current_magnitude,False,1200.0,ss_4
egauge_20,Mains_Power,egauge_20-Mains_Power,W,real_power,line_383,line_383,,S2*L1+S1*L2+S3*L3,real_power,False,,ss_4
egauge_20,L1,egauge_20-L1,V,voltage_magnitude,bus_1040.ag,bus_1040,9526.3,L1,direct_phase_to_ground_voltage_magnitude,True,,ss_4
egauge_20,L2,egauge_20-L2,V,voltage_magnitude,bus_1040.bg,bus_1040,9526.3,L2,direct_phase_to_ground_voltage_magnitude,True,,ss_4
egauge_20,L3,egauge_20-L3,V,voltage_magnitude,bus_1040.cg,bus_1040,9526.3,L3,direct_phase_to_ground_voltage_magnitude,True,,ss_4
egauge_20,CT2,egauge_20-CT2,A,current_magnitude,line_383.a,line_383,,S2,current_magnitude,False,1200.0,ss_4
egauge_20,CT1,egauge_20-CT1,A,current_magnitude,line_383.b,line_383,,S1,current_magnitude,False,1200.0,ss_4
egauge_20,CT3,egauge_20-CT3,A,current_magnitude,line_383.c,line_383,,S3,current_magnitude,False,1200.0,ss_4
egauge_21,Mains_Power,egauge_21-Mains_Power,W,real_power,line_381,line_381,,S1*L1+S2*L2+S3*L3,real_power,False,,ss_4
egauge_21,L1,egauge_21-L1,V,voltage_magnitude,bus_1038.ag,bus_1038,9526.3,L1,direct_phase_to_ground_voltage_magnitude,True,,ss_4
egauge_21,L2,egauge_21-L2,V,voltage_magnitude,bus_1038.bg,bus_1038,9526.3,L2,direct_phase_to_ground_voltage_magnitude,True,,ss_4
egauge_21,L3,egauge_21-L3,V,voltage_magnitude,bus_1038.cg,bus_1038,9526.3,L3,direct_phase_to_ground_voltage_magnitude,True,,ss_4
egauge_21,CT1,egauge_21-CT1,A,current_magnitude,line_381.a,line_381,,S1,current_magnitude,False,600.0,ss_4
egauge_21,CT2,egauge_21-CT2,A,current_magnitude,line_381.b,line_381,,S2,current_magnitude,False,600.0,ss_4
egauge_21,CT3,egauge_21-CT3,A,current_magnitude,line_381.c,line_381,,S3,current_magnitude,False,600.0,ss_4
egauge_22,Mains_Power,egauge_22-Mains_Power,W,real_power,line_429,line_429,,S1*L1+S2*L2+S3*L3,real_power,False,,plant_2|group_176|plant_1|swbd_3
egauge_22,es1_Power,egauge_22-es1_Power,W,real_power,inv_6,inv_6,,S4*L1+S5*L2+S6*L3,real_power,False,,plant_2|group_176|plant_1|swbd_3
egauge_22,es2_Power,egauge_22-es2_Power,W,real_power,inv_7,inv_7,,S7*L1+S8*L2+S9*L3,real_power,False,,plant_2|group_176|plant_1|swbd_3
egauge_22,es3_Power,egauge_22-es3_Power,W,real_power,inv_8,inv_8,,S10*L1+S11*L2+S12*L3,real_power,False,,plant_2|group_176|plant_1|swbd_3
egauge_22,es4_Power,egauge_22-es4_Power,W,real_power,inv_9,inv_9,,S13*L1+S14*L2+S15*L3,real_power,False,,plant_2|group_176|plant_1|swbd_3
egauge_22,es5_Power,egauge_22-es5_Power,W,real_power,inv_10,inv_10,,S16*L1+S17*L2+S18*L3,real_power,False,,plant_2|group_176|plant_1|swbd_3
egauge_22,L1,egauge_22-L1,V,voltage_magnitude,bus_1176.ag,bus_1176,277.0,L1,direct_phase_to_ground_voltage_magnitude,True,,plant_2|group_176|plant_1|swbd_3
egauge_22,L2,egauge_22-L2,V,voltage_magnitude,bus_1176.bg,bus_1176,277.0,L2,direct_phase_to_ground_voltage_magnitude,True,,plant_2|group_176|plant_1|swbd_3
egauge_22,L3,egauge_22-L3,V,voltage_magnitude,bus_1176.cg,bus_1176,277.0,L3,direct_phase_to_ground_voltage_magnitude,True,,plant_2|group_176|plant_1|swbd_3
egauge_22,CT1,egauge_22-CT1,A,current_magnitude,line_429.a,line_429,,S1,current_magnitude,False,3000.0,plant_2|group_176|plant_1|swbd_3
egauge_22,CT2,egauge_22-CT2,A,current_magnitude,line_429.b,line_429,,S2,current_magnitude,False,3000.0,plant_2|group_176|plant_1|swbd_3
egauge_22,CT3,egauge_22-CT3,A,current_magnitude,line_429.c,line_429,,S3,current_magnitude,False,3000.0,plant_2|group_176|plant_1|swbd_3
egauge_22,CT4,egauge_22-CT4,A,current_magnitude,inv_6.a,inv_6,,S4,current_magnitude,False,400.0,plant_2|group_176|plant_1|swbd_3
egauge_22,CT5,egauge_22-CT5,A,current_magnitude,inv_6.b,inv_6,,S5,current_magnitude,False,400.0,plant_2|group_176|plant_1|swbd_3
egauge_22,CT6,egauge_22-CT6,A,current_magnitude,inv_6.c,inv_6,,S6,current_magnitude,False,400.0,plant_2|group_176|plant_1|swbd_3
egauge_22,CT7,egauge_22-CT7,A,current_magnitude,inv_7.a,inv_7,,S7,current_magnitude,False,400.0,plant_2|group_176|plant_1|swbd_3
egauge_22,CT8,egauge_22-CT8,A,current_magnitude,inv_7.b,inv_7,,S8,current_magnitude,False,400.0,plant_2|group_176|plant_1|swbd_3
egauge_22,CT9,egauge_22-CT9,A,current_magnitude,inv_7.c,inv_7,,S9,current_magnitude,False,400.0,plant_2|group_176|plant_1|swbd_3
egauge_22,CT10,egauge_22-CT10,A,current_magnitude,inv_8.a,inv_8,,S10,current_magnitude,False,400.0,plant_2|group_176|plant_1|swbd_3
egauge_22,CT11,egauge_22-CT11,A,current_magnitude,inv_8.b,inv_8,,S11,current_magnitude,False,400.0,plant_2|group_176|plant_1|swbd_3
egauge_22,CT12,egauge_22-CT12,A,current_magnitude,inv_8.c,inv_8,,S12,current_magnitude,False,400.0,plant_2|group_176|plant_1|swbd_3
egauge_22,CT13,egauge_22-CT13,A,current_magnitude,inv_9.a,inv_9,,S13,current_magnitude,False,400.0,plant_2|group_176|plant_1|swbd_3
egauge_22,CT14,egauge_22-CT14,A,current_magnitude,inv_9.b,inv_9,,S14,current_magnitude,False,400.0,plant_2|group_176|plant_1|swbd_3
egauge_22,CT15,egauge_22-CT15,A,current_magnitude,inv_9.c,inv_9,,S15,current_magnitude,False,400.0,plant_2|group_176|plant_1|swbd_3
egauge_22,CT16,egauge_22-C16,A,current_magnitude,inv_10.a,inv_10,,S16,current_magnitude,False,400.0,plant_2|group_176|plant_1|swbd_3
egauge_22,CT17,egauge_22-CT17,A,current_magnitude,inv_10.b,inv_10,,S17,current_magnitude,False,400.0,plant_2|group_176|plant_1|swbd_3
egauge_22,CT18,egauge_22-CT18,A,current_magnitude,inv_10.c,inv_10,,S18,current_magnitude,False,400.0,plant_2|group_176|plant_1|swbd_3
egauge_23,Mains_Power,egauge_23-Mains_Power,W,real_power,line_430,line_430,,S1*L1+S2*L2+S3*L3,real_power,False,,plant_2|group_176|plant_1|swbd_4
egauge_23,mi51_Power,egauge_23-mi51_Power,W,real_power,inv_11,inv_11,,S4*L1+S5*L2+S6*L3,real_power,False,,plant_2|group_176|plant_1|swbd_4
egauge_23,mi52_Power,egauge_23-mi52_Power,W,real_power,inv_12,inv_12,,S7*L1+S8*L2+S9*L3,real_power,False,,plant_2|group_176|plant_1|swbd_4
egauge_23,mi53_Power,egauge_23-mi53_Power,W,real_power,inv_13,inv_13,,S10*L1+S11*L2+S12*L3,real_power,False,,plant_2|group_176|plant_1|swbd_4
egauge_23,mi54_Power,egauge_23-mi54_Power,W,real_power,inv_14,inv_14,,S13*L1+S14*L2+S15*L3,real_power,False,,plant_2|group_176|plant_1|swbd_4
egauge_23,mi55_Power,egauge_23-mi55_Power,W,real_power,inv_15,inv_15,,S16*L1+S17*L2+S18*L3,real_power,False,,plant_2|group_176|plant_1|swbd_4
egauge_23,L1,egauge_23-L1,V,voltage_magnitude,bus_1184.ag,bus_1184,240.0,L1,direct_phase_to_ground_voltage_magnitude,True,,plant_2|group_176|plant_1|swbd_4
egauge_23,L2,egauge_23-L2,V,voltage_magnitude,bus_1184.bg,bus_1184,240.0,L2,direct_phase_to_ground_voltage_magnitude,True,,plant_2|group_176|plant_1|swbd_4
egauge_23,L3,egauge_23-L3,V,voltage_magnitude,bus_1184.cg,bus_1184,240.0,L3,direct_phase_to_ground_voltage_magnitude,True,,plant_2|group_176|plant_1|swbd_4
egauge_23,CT1,egauge_23-CT1,A,current_magnitude,line_430.a,line_430,,S1,current_magnitude,False,3000.0,plant_2|group_176|plant_1|swbd_4
egauge_23,CT2,egauge_23-CT2,A,current_magnitude,line_430.b,line_430,,S2,current_magnitude,False,3000.0,plant_2|group_176|plant_1|swbd_4
egauge_23,CT3,egauge_23-CT3,A,current_magnitude,line_430.c,line_430,,S3,current_magnitude,False,3000.0,plant_2|group_176|plant_1|swbd_4
egauge_23,CT4,egauge_23-CT4,A,current_magnitude,inv_11.a,inv_11,,S4,current_magnitude,False,400.0,plant_2|group_176|plant_1|swbd_4
egauge_23,CT5,egauge_23-CT5,A,current_magnitude,inv_11.b,inv_11,,S5,current_magnitude,False,400.0,plant_2|group_176|plant_1|swbd_4
egauge_23,CT6,egauge_23-CT6,A,current_magnitude,inv_11.c,inv_11,,S6,current_magnitude,False,400.0,plant_2|group_176|plant_1|swbd_4
egauge_23,CT7,egauge_23-CT7,A,current_magnitude,inv_12.a,inv_12,,S7,current_magnitude,False,400.0,plant_2|group_176|plant_1|swbd_4
egauge_23,CT8,egauge_23-CT8,A,current_magnitude,inv_12.b,inv_12,,S8,current_magnitude,False,400.0,plant_2|group_176|plant_1|swbd_4
egauge_23,CT9,egauge_23-CT9,A,current_magnitude,inv_12.c,inv_12,,S9,current_magnitude,False,400.0,plant_2|group_176|plant_1|swbd_4
egauge_23,CT10,egauge_23-CT10,A,current_magnitude,inv_13.a,inv_13,,S10,current_magnitude,False,400.0,plant_2|group_176|plant_1|swbd_4
egauge_23,CT11,egauge_23-CT11,A,current_magnitude,inv_13.b,inv_13,,S11,current_magnitude,False,400.0,plant_2|group_176|plant_1|swbd_4
egauge_23,CT12,egauge_23-CT12,A,current_magnitude,inv_13.c,inv_13,,S12,current_magnitude,False,400.0,plant_2|group_176|plant_1|swbd_4
egauge_23,CT13,egauge_23-CT13,A,current_magnitude,inv_14.a,inv_14,,S13,current_magnitude,False,400.0,plant_2|group_176|plant_1|swbd_4
egauge_23,CT14,egauge_23-CT14,A,current_magnitude,inv_14.b,inv_14,,S14,current_magnitude,False,400.0,plant_2|group_176|plant_1|swbd_4
egauge_23,CT15,egauge_23-CT15,A,current_magnitude,inv_14.c,inv_14,,S15,current_magnitude,False,400.0,plant_2|group_176|plant_1|swbd_4
egauge_23,CT16,egauge_23-C16,A,current_magnitude,inv_15.a,inv_15,,S16,current_magnitude,False,400.0,plant_2|group_176|plant_1|swbd_4
egauge_23,CT17,egauge_23-CT17,A,current_magnitude,inv_15.b,inv_15,,S17,current_magnitude,False,400.0,plant_2|group_176|plant_1|swbd_4
egauge_23,CT18,egauge_23-CT18,A,current_magnitude,inv_15.c,inv_15,,S18,current_magnitude,False,400.0,plant_2|group_176|plant_1|swbd_4
egauge_24,Mains_Power,egauge_24-Mains_Power,W,real_power,line_431,line_431,,S1*L1+S2*L2+S3*L3,real_power,False,,plant_2|group_175|plant_1|swbd_5
egauge_24,es1_Power,egauge_24-es1_Power,W,real_power,inv_2,inv_2,,S4*L1+S5*L2+S6*L3,real_power,False,,plant_2|group_175|plant_1|swbd_5
egauge_24,es2_Power,egauge_24-es2_Power,W,real_power,inv_3,inv_3,,S7*L1+S8*L2+S9*L3,real_power,False,,plant_2|group_175|plant_1|swbd_5
egauge_24,es3_Power,egauge_24-es3_Power,W,real_power,inv_4,inv_4,,S10*L1+S11*L2+S12*L3,real_power,False,,plant_2|group_175|plant_1|swbd_5
egauge_24,es4_Power,egauge_24-es4_Power,W,real_power,inv_5,inv_5,,S13*L1+S14*L2+S15*L3,real_power,False,,plant_2|group_175|plant_1|swbd_5
egauge_24,L1,egauge_24-L1,V,voltage_magnitude,bus_1192.ag,bus_1192,277.0,L1,direct_phase_to_ground_voltage_magnitude,True,,plant_2|group_175|plant_1|swbd_5
egauge_24,L2,egauge_24-L2,V,voltage_magnitude,bus_1192.bg,bus_1192,277.0,L2,direct_phase_to_ground_voltage_magnitude,True,,plant_2|group_175|plant_1|swbd_5
egauge_24,L3,egauge_24-L3,V,voltage_magnitude,bus_1192.cg,bus_1192,277.0,L3,direct_phase_to_ground_voltage_magnitude,True,,plant_2|group_175|plant_1|swbd_5
egauge_24,CT1,egauge_24-CT1,A,current_magnitude,line_431.a,line_431,,S1,current_magnitude,False,3000.0,plant_2|group_175|plant_1|swbd_5
egauge_24,CT2,egauge_24-CT2,A,current_magnitude,line_431.b,line_431,,S2,current_magnitude,False,3000.0,plant_2|group_175|plant_1|swbd_5
egauge_24,CT3,egauge_24-CT3,A,current_magnitude,line_431.c,line_431,,S3,current_magnitude,False,3000.0,plant_2|group_175|plant_1|swbd_5
egauge_24,CT4,egauge_24-CT4,A,current_magnitude,inv_2.a,inv_2,,S4,current_magnitude,False,400.0,plant_2|group_175|plant_1|swbd_5
egauge_24,CT5,egauge_24-CT5,A,current_magnitude,inv_2.b,inv_2,,S5,current_magnitude,False,400.0,plant_2|group_175|plant_1|swbd_5
egauge_24,CT6,egauge_24-CT6,A,current_magnitude,inv_2.c,inv_2,,S6,current_magnitude,False,400.0,plant_2|group_175|plant_1|swbd_5
egauge_24,CT7,egauge_24-CT7,A,current_magnitude,inv_3.a,inv_3,,S7,current_magnitude,False,400.0,plant_2|group_175|plant_1|swbd_5
egauge_24,CT8,egauge_24-CT8,A,current_magnitude,inv_3.b,inv_3,,S8,current_magnitude,False,400.0,plant_2|group_175|plant_1|swbd_5
egauge_24,CT9,egauge_24-CT9,A,current_magnitude,inv_3.c,inv_3,,S9,current_magnitude,False,400.0,plant_2|group_175|plant_1|swbd_5
egauge_24,CT10,egauge_24-CT10,A,current_magnitude,inv_4.a,inv_4,,S10,current_magnitude,False,400.0,plant_2|group_175|plant_1|swbd_5
egauge_24,CT11,egauge_24-CT11,A,current_magnitude,inv_4.b,inv_4,,S11,current_magnitude,False,400.0,plant_2|group_175|plant_1|swbd_5
egauge_24,CT12,egauge_24-CT12,A,current_magnitude,inv_4.c,inv_4,,S12,current_magnitude,False,400.0,plant_2|group_175|plant_1|swbd_5
egauge_24,CT13,egauge_24-CT13,A,current_magnitude,inv_5.a,inv_5,,S13,current_magnitude,False,400.0,plant_2|group_175|plant_1|swbd_5
egauge_24,CT14,egauge_24-CT14,A,current_magnitude,inv_5.b,inv_5,,S14,current_magnitude,False,400.0,plant_2|group_175|plant_1|swbd_5
egauge_24,CT15,egauge_24-CT15,A,current_magnitude,inv_5.c,inv_5,,S15,current_magnitude,False,400.0,plant_2|group_175|plant_1|swbd_5
