Node,AvgDepth,MaxDepth,MaxHGL,FloodHours,MaxFloodRate,FloodVolume,Scenario
N1,0.19,0.31,50.31,0.0,0.0,0.0,N5_SWMM_base
N2,0.17,0.28,50.28,0.0,0.0,0.0,N5_SWMM_base
N3,0.19,0.31,50.31,0.0,0.0,0.0,N5_SWMM_base
N4,0.19,0.32,48.92,0.0,0.0,0.0,N5_SWMM_base
N5,0.17,0.29,48.89,0.0,0.0,0.0,N5_SWMM_base
N6,0.17,0.29,48.89,0.0,0.0,0.0,N5_SWMM_base
N7,0.19,0.33,48.93,0.0,0.0,0.0,N5_SWMM_base
N8,0.26,0.45,47.65,0.0,0.0,0.0,N5_SWMM_base
N9,0.19,0.33,47.53,0.0,0.0,0.0,N5_SWMM_base
N10,0.19,0.33,47.53,0.0,0.0,0.0,N5_SWMM_base
N11,0.56,1.69,47.49,0.0,0.0,0.0,N5_SWMM_base
N12,0.49,1.66,47.46,0.0,0.0,0.0,N5_SWMM_base
N13,0.65,1.74,47.54,0.0,0.0,0.0,N5_SWMM_base
N14,0.23,0.72,46.52,0.0,0.0,0.0,N5_SWMM_base
N15,1.11,3.03,47.43,0.84,0.256,0.155,N5_SWMM_base
N16,1.14,3.05,47.45,0.86,0.267,0.149,N5_SWMM_base
N17,0.59,1.94,46.34,0.0,0.0,0.0,N5_SWMM_base
N18,1.75,4.24,47.24,1.21,0.53,0.361,N5_SWMM_base
N19,2.03,4.62,46.22,1.43,0.307,0.423,N5_SWMM_base
N20,0.53,0.75,40.75,0.0,0.0,0.0,N5_SWMM_base
N1,0.19,0.32,50.32,0.0,0.0,0.0,N5_block_N1_N5_25
N2,0.17,0.28,50.28,0.0,0.0,0.0,N5_block_N1_N5_25
N3,0.19,0.31,50.31,0.0,0.0,0.0,N5_block_N1_N5_25
N4,0.19,0.32,48.92,0.0,0.0,0.0,N5_block_N1_N5_25
N5,0.17,0.29,48.89,0.0,0.0,0.0,N5_block_N1_N5_25
N6,0.17,0.29,48.89,0.0,0.0,0.0,N5_block_N1_N5_25
N7,0.19,0.33,48.93,0.0,0.0,0.0,N5_block_N1_N5_25
N8,0.27,0.46,47.66,0.0,0.0,0.0,N5_block_N1_N5_25
N9,0.19,0.33,47.53,0.0,0.0,0.0,N5_block_N1_N5_25
N10,0.19,0.32,47.52,0.0,0.0,0.0,N5_block_N1_N5_25
N11,0.56,1.69,47.49,0.0,0.0,0.0,N5_block_N1_N5_25
N12,0.49,1.66,47.46,0.0,0.0,0.0,N5_block_N1_N5_25
N13,0.64,1.74,47.54,0.0,0.0,0.0,N5_block_N1_N5_25
N14,0.23,0.71,46.51,0.0,0.0,0.0,N5_block_N1_N5_25
N15,1.11,3.04,47.44,0.84,0.246,0.155,N5_block_N1_N5_25
N16,1.14,3.05,47.45,0.86,0.258,0.149,N5_block_N1_N5_25
N17,0.59,1.94,46.34,0.0,0.0,0.0,N5_block_N1_N5_25
N18,1.75,4.24,47.24,1.21,0.538,0.362,N5_block_N1_N5_25
N19,2.03,4.61,46.21,1.43,0.309,0.422,N5_block_N1_N5_25
N20,0.53,0.75,40.75,0.0,0.0,0.0,N5_block_N1_N5_25
N1,0.2,0.33,50.33,0.0,0.0,0.0,N5_block_N1_N5_50
N2,0.17,0.28,50.28,0.0,0.0,0.0,N5_block_N1_N5_50
N3,0.19,0.31,50.31,0.0,0.0,0.0,N5_block_N1_N5_50
N4,0.2,0.34,48.94,0.0,0.0,0.0,N5_block_N1_N5_50
N5,0.17,0.28,48.88,0.0,0.0,0.0,N5_block_N1_N5_50
N6,0.17,0.29,48.89,0.0,0.0,0.0,N5_block_N1_N5_50
N7,0.19,0.33,48.93,0.0,0.0,0.0,N5_block_N1_N5_50
N8,0.27,0.46,47.66,0.0,0.0,0.0,N5_block_N1_N5_50
N9,0.19,0.33,47.53,0.0,0.0,0.0,N5_block_N1_N5_50
N10,0.19,0.32,47.52,0.0,0.0,0.0,N5_block_N1_N5_50
N11,0.56,1.7,47.5,0.0,0.0,0.0,N5_block_N1_N5_50
N12,0.49,1.67,47.47,0.0,0.0,0.0,N5_block_N1_N5_50
N13,0.64,1.73,47.53,0.0,0.0,0.0,N5_block_N1_N5_50
N14,0.23,0.69,46.49,0.0,0.0,0.0,N5_block_N1_N5_50
N15,1.12,3.04,47.44,0.84,0.252,0.156,N5_block_N1_N5_50
N16,1.14,3.05,47.45,0.85,0.249,0.149,N5_block_N1_N5_50
N17,0.59,1.93,46.33,0.0,0.0,0.0,N5_block_N1_N5_50
N18,1.76,4.24,47.24,1.21,0.538,0.362,N5_block_N1_N5_50
N19,2.03,4.61,46.21,1.43,0.309,0.422,N5_block_N1_N5_50
N20,0.53,0.75,40.75,0.0,0.0,0.0,N5_block_N1_N5_50
N1,0.21,0.36,50.36,0.0,0.0,0.0,N5_block_N1_N5_75
N2,0.17,0.28,50.28,0.0,0.0,0.0,N5_block_N1_N5_75
N3,0.19,0.31,50.31,0.0,0.0,0.0,N5_block_N1_N5_75
N4,0.21,0.36,48.96,0.0,0.0,0.0,N5_block_N1_N5_75
N5,0.16,0.26,48.86,0.0,0.0,0.0,N5_block_N1_N5_75
N6,0.17,0.29,48.89,0.0,0.0,0.0,N5_block_N1_N5_75
N7,0.19,0.33,48.93,0.0,0.0,0.0,N5_block_N1_N5_75
N8,0.27,0.47,47.67,0.0,0.0,0.0,N5_block_N1_N5_75
N9,0.18,0.33,47.53,0.0,0.0,0.0,N5_block_N1_N5_75
N10,0.19,0.32,47.52,0.0,0.0,0.0,N5_block_N1_N5_75
N11,0.57,1.72,47.52,0.0,0.0,0.0,N5_block_N1_N5_75
N12,0.49,1.67,47.47,0.0,0.0,0.0,N5_block_N1_N5_75
N13,0.64,1.73,47.53,0.0,0.0,0.0,N5_block_N1_N5_75
N14,0.22,0.67,46.47,0.0,0.0,0.0,N5_block_N1_N5_75
N15,1.12,3.05,47.45,0.84,0.263,0.158,N5_block_N1_N5_75
N16,1.14,3.05,47.45,0.85,0.241,0.15,N5_block_N1_N5_75
N17,0.59,1.92,46.32,0.0,0.0,0.0,N5_block_N1_N5_75
N18,1.76,4.24,47.24,1.21,0.544,0.363,N5_block_N1_N5_75
N19,2.03,4.61,46.21,1.43,0.309,0.421,N5_block_N1_N5_75
N20,0.53,0.75,40.75,0.0,0.0,0.0,N5_block_N1_N5_75
N1,0.19,0.31,50.31,0.0,0.0,0.0,N5_block_N6_N10_25
N2,0.17,0.28,50.28,0.0,0.0,0.0,N5_block_N6_N10_25
N3,0.19,0.31,50.31,0.0,0.0,0.0,N5_block_N6_N10_25
N4,0.19,0.32,48.92,0.0,0.0,0.0,N5_block_N6_N10_25
N5,0.18,0.29,48.89,0.0,0.0,0.0,N5_block_N6_N10_25
N6,0.18,0.29,48.89,0.0,0.0,0.0,N5_block_N6_N10_25
N7,0.19,0.33,48.93,0.0,0.0,0.0,N5_block_N6_N10_25
N8,0.26,0.45,47.65,0.0,0.0,0.0,N5_block_N6_N10_25
N9,0.19,0.34,47.54,0.0,0.0,0.0,N5_block_N6_N10_25
N10,0.19,0.33,47.53,0.0,0.0,0.0,N5_block_N6_N10_25
N11,0.56,1.69,47.49,0.0,0.0,0.0,N5_block_N6_N10_25
N12,0.5,1.67,47.47,0.0,0.0,0.0,N5_block_N6_N10_25
N13,0.65,1.74,47.54,0.0,0.0,0.0,N5_block_N6_N10_25
N14,0.23,0.74,46.54,0.0,0.0,0.0,N5_block_N6_N10_25
N15,1.11,3.04,47.44,0.84,0.254,0.155,N5_block_N6_N10_25
N16,1.14,3.05,47.45,0.86,0.268,0.149,N5_block_N6_N10_25
N17,0.59,1.95,46.35,0.0,0.0,0.0,N5_block_N6_N10_25
N18,1.76,4.24,47.24,1.22,0.53,0.362,N5_block_N6_N10_25
N19,2.03,4.62,46.22,1.43,0.308,0.423,N5_block_N6_N10_25
N20,0.53,0.75,40.75,0.0,0.0,0.0,N5_block_N6_N10_25
N1,0.19,0.31,50.31,0.0,0.0,0.0,N5_block_N6_N10_50
N2,0.17,0.28,50.28,0.0,0.0,0.0,N5_block_N6_N10_50
N3,0.19,0.31,50.31,0.0,0.0,0.0,N5_block_N6_N10_50
N4,0.19,0.32,48.92,0.0,0.0,0.0,N5_block_N6_N10_50
N5,0.18,0.29,48.89,0.0,0.0,0.0,N5_block_N6_N10_50
N6,0.18,0.31,48.91,0.0,0.0,0.0,N5_block_N6_N10_50
N7,0.19,0.33,48.93,0.0,0.0,0.0,N5_block_N6_N10_50
N8,0.27,0.45,47.65,0.0,0.0,0.0,N5_block_N6_N10_50
N9,0.19,0.34,47.54,0.0,0.0,0.0,N5_block_N6_N10_50
N10,0.19,0.33,47.53,0.0,0.0,0.0,N5_block_N6_N10_50
N11,0.57,1.7,47.5,0.0,0.0,0.0,N5_block_N6_N10_50
N12,0.51,1.67,47.47,0.0,0.0,0.0,N5_block_N6_N10_50
N13,0.66,1.74,47.54,0.0,0.0,0.0,N5_block_N6_N10_50
N14,0.23,0.76,46.56,0.0,0.0,0.0,N5_block_N6_N10_50
N15,1.13,3.04,47.44,0.84,0.244,0.156,N5_block_N6_N10_50
N16,1.16,3.05,47.45,0.86,0.269,0.149,N5_block_N6_N10_50
N17,0.6,1.95,46.35,0.0,0.0,0.0,N5_block_N6_N10_50
N18,1.78,4.24,47.24,1.22,0.534,0.362,N5_block_N6_N10_50
N19,2.05,4.62,46.22,1.43,0.307,0.424,N5_block_N6_N10_50
N20,0.53,0.75,40.75,0.0,0.0,0.0,N5_block_N6_N10_50
N1,0.19,0.31,50.31,0.0,0.0,0.0,N5_block_N6_N10_75
N2,0.17,0.28,50.28,0.0,0.0,0.0,N5_block_N6_N10_75
N3,0.19,0.31,50.31,0.0,0.0,0.0,N5_block_N6_N10_75
N4,0.19,0.32,48.92,0.0,0.0,0.0,N5_block_N6_N10_75
N5,0.18,0.29,48.89,0.0,0.0,0.0,N5_block_N6_N10_75
N6,0.2,0.33,48.93,0.0,0.0,0.0,N5_block_N6_N10_75
N7,0.19,0.33,48.93,0.0,0.0,0.0,N5_block_N6_N10_75
N8,0.27,0.45,47.65,0.0,0.0,0.0,N5_block_N6_N10_75
N9,0.2,0.34,47.54,0.0,0.0,0.0,N5_block_N6_N10_75
N10,0.18,0.33,47.53,0.0,0.0,0.0,N5_block_N6_N10_75
N11,0.57,1.71,47.51,0.0,0.0,0.0,N5_block_N6_N10_75
N12,0.51,1.68,47.48,0.0,0.0,0.0,N5_block_N6_N10_75
N13,0.66,1.74,47.54,0.0,0.0,0.0,N5_block_N6_N10_75
N14,0.23,0.81,46.61,0.0,0.0,0.0,N5_block_N6_N10_75
N15,1.14,3.05,47.45,0.85,0.238,0.157,N5_block_N6_N10_75
N16,1.17,3.06,47.46,0.87,0.272,0.15,N5_block_N6_N10_75
N17,0.6,1.98,46.38,0.0,0.0,0.0,N5_block_N6_N10_75
N18,1.78,4.25,47.25,1.22,0.528,0.364,N5_block_N6_N10_75
N19,2.05,4.64,46.24,1.44,0.318,0.427,N5_block_N6_N10_75
N20,0.53,0.75,40.75,0.0,0.0,0.0,N5_block_N6_N10_75
N1,0.19,0.31,50.31,0.0,0.0,0.0,N5_block_N12_N15_25
N2,0.17,0.28,50.28,0.0,0.0,0.0,N5_block_N12_N15_25
N3,0.19,0.31,50.31,0.0,0.0,0.0,N5_block_N12_N15_25
N4,0.19,0.32,48.92,0.0,0.0,0.0,N5_block_N12_N15_25
N5,0.18,0.29,48.89,0.0,0.0,0.0,N5_block_N12_N15_25
N6,0.17,0.29,48.89,0.0,0.0,0.0,N5_block_N12_N15_25
N7,0.19,0.33,48.93,0.0,0.0,0.0,N5_block_N12_N15_25
N8,0.26,0.45,47.65,0.0,0.0,0.0,N5_block_N12_N15_25
N9,0.19,0.34,47.54,0.0,0.0,0.0,N5_block_N12_N15_25
N10,0.19,0.33,47.53,0.0,0.0,0.0,N5_block_N12_N15_25
N11,0.56,1.69,47.49,0.0,0.0,0.0,N5_block_N12_N15_25
N12,0.51,1.69,47.49,0.0,0.0,0.0,N5_block_N12_N15_25
N13,0.66,1.74,47.54,0.0,0.0,0.0,N5_block_N12_N15_25
N14,0.24,0.81,46.61,0.0,0.0,0.0,N5_block_N12_N15_25
N15,1.12,3.03,47.43,0.84,0.225,0.152,N5_block_N12_N15_25
N16,1.16,3.06,47.46,0.87,0.288,0.152,N5_block_N12_N15_25
N17,0.6,1.97,46.37,0.0,0.0,0.0,N5_block_N12_N15_25
N18,1.77,4.24,47.24,1.22,0.522,0.363,N5_block_N12_N15_25
N19,2.04,4.63,46.23,1.43,0.312,0.426,N5_block_N12_N15_25
N20,0.53,0.75,40.75,0.0,0.0,0.0,N5_block_N12_N15_25
N1,0.19,0.31,50.31,0.0,0.0,0.0,N5_block_N12_N15_50
N2,0.17,0.28,50.28,0.0,0.0,0.0,N5_block_N12_N15_50
N3,0.19,0.31,50.31,0.0,0.0,0.0,N5_block_N12_N15_50
N4,0.19,0.32,48.92,0.0,0.0,0.0,N5_block_N12_N15_50
N5,0.18,0.29,48.89,0.0,0.0,0.0,N5_block_N12_N15_50
N6,0.17,0.29,48.89,0.0,0.0,0.0,N5_block_N12_N15_50
N7,0.19,0.33,48.93,0.0,0.0,0.0,N5_block_N12_N15_50
N8,0.26,0.45,47.65,0.0,0.0,0.0,N5_block_N12_N15_50
N9,0.19,0.34,47.54,0.0,0.0,0.0,N5_block_N12_N15_50
N10,0.19,0.34,47.54,0.0,0.0,0.0,N5_block_N12_N15_50
N11,0.55,1.67,47.47,0.0,0.0,0.0,N5_block_N12_N15_50
N12,0.52,1.72,47.52,0.0,0.0,0.0,N5_block_N12_N15_50
N13,0.66,1.75,47.55,0.0,0.0,0.0,N5_block_N12_N15_50
N14,0.25,0.87,46.67,0.0,0.0,0.0,N5_block_N12_N15_50
N15,1.11,3.02,47.42,0.83,0.247,0.147,N5_block_N12_N15_50
N16,1.17,3.09,47.49,0.88,0.293,0.156,N5_block_N12_N15_50
N17,0.61,2.0,46.4,0.0,0.0,0.0,N5_block_N12_N15_50
N18,1.76,4.24,47.24,1.22,0.512,0.363,N5_block_N12_N15_50
N19,2.04,4.66,46.26,1.43,0.316,0.43,N5_block_N12_N15_50
N20,0.53,0.75,40.75,0.0,0.0,0.0,N5_block_N12_N15_50
N1,0.19,0.31,50.31,0.0,0.0,0.0,N5_block_N12_N15_75
N2,0.17,0.28,50.28,0.0,0.0,0.0,N5_block_N12_N15_75
N3,0.19,0.31,50.31,0.0,0.0,0.0,N5_block_N12_N15_75
N4,0.19,0.32,48.92,0.0,0.0,0.0,N5_block_N12_N15_75
N5,0.18,0.29,48.89,0.0,0.0,0.0,N5_block_N12_N15_75
N6,0.17,0.29,48.89,0.0,0.0,0.0,N5_block_N12_N15_75
N7,0.19,0.33,48.93,0.0,0.0,0.0,N5_block_N12_N15_75
N8,0.26,0.45,47.65,0.0,0.0,0.0,N5_block_N12_N15_75
N9,0.19,0.36,47.56,0.0,0.0,0.0,N5_block_N12_N15_75
N10,0.2,0.35,47.55,0.0,0.0,0.0,N5_block_N12_N15_75
N11,0.54,1.64,47.44,0.0,0.0,0.0,N5_block_N12_N15_75
N12,0.55,1.79,47.59,0.0,0.0,0.0,N5_block_N12_N15_75
N13,0.67,1.77,47.57,0.0,0.0,0.0,N5_block_N12_N15_75
N14,0.26,0.97,46.77,0.0,0.0,0.0,N5_block_N12_N15_75
N15,1.09,2.98,47.38,0.81,0.245,0.138,N5_block_N12_N15_75
N16,1.19,3.13,47.53,0.91,0.382,0.164,N5_block_N12_N15_75
N17,0.61,2.06,46.46,0.0,0.0,0.0,N5_block_N12_N15_75
N18,1.76,4.24,47.24,1.22,0.484,0.363,N5_block_N12_N15_75
N19,2.04,4.69,46.29,1.42,0.323,0.435,N5_block_N12_N15_75
N20,0.53,0.75,40.75,0.0,0.0,0.0,N5_block_N12_N15_75
N1,0.19,0.31,50.31,0.0,0.0,0.0,N5_block_N18_N19_25
N2,0.17,0.28,50.28,0.0,0.0,0.0,N5_block_N18_N19_25
N3,0.19,0.31,50.31,0.0,0.0,0.0,N5_block_N18_N19_25
N4,0.19,0.32,48.92,0.0,0.0,0.0,N5_block_N18_N19_25
N5,0.17,0.29,48.89,0.0,0.0,0.0,N5_block_N18_N19_25
N6,0.17,0.29,48.89,0.0,0.0,0.0,N5_block_N18_N19_25
N7,0.19,0.33,48.93,0.0,0.0,0.0,N5_block_N18_N19_25
N8,0.29,0.63,47.83,0.0,0.0,0.0,N5_block_N18_N19_25
N9,0.22,0.53,47.73,0.0,0.0,0.0,N5_block_N18_N19_25
N10,0.22,0.52,47.72,0.0,0.0,0.0,N5_block_N18_N19_25
N11,0.71,1.99,47.79,0.0,0.0,0.0,N5_block_N18_N19_25
N12,0.65,1.94,47.74,0.0,0.0,0.0,N5_block_N18_N19_25
N13,0.76,1.92,47.72,0.0,0.0,0.0,N5_block_N18_N19_25
N14,0.33,1.32,47.12,0.0,0.0,0.0,N5_block_N18_N19_25
N15,1.34,3.33,47.73,1.04,0.377,0.21,N5_block_N18_N19_25
N16,1.36,3.31,47.71,1.05,0.389,0.195,N5_block_N18_N19_25
N17,0.55,2.11,46.51,0.0,0.0,0.0,N5_block_N18_N19_25
N18,2.05,4.59,47.59,1.39,0.542,0.418,N5_block_N18_N19_25
N19,1.97,4.53,46.13,1.44,0.258,0.402,N5_block_N18_N19_25
N20,0.54,0.75,40.75,0.0,0.0,0.0,N5_block_N18_N19_25
N1,0.19,0.31,50.31,0.0,0.0,0.0,N5_block_N18_N19_50
N2,0.17,0.28,50.28,0.0,0.0,0.0,N5_block_N18_N19_50
N3,0.19,0.31,50.31,0.0,0.0,0.0,N5_block_N18_N19_50
N4,0.19,0.32,48.92,0.0,0.0,0.0,N5_block_N18_N19_50
N5,0.18,0.29,48.89,0.0,0.0,0.0,N5_block_N18_N19_50
N6,0.17,0.29,48.89,0.0,0.0,0.0,N5_block_N18_N19_50
N7,0.2,0.33,48.93,0.0,0.0,0.0,N5_block_N18_N19_50
N8,0.48,1.22,48.42,0.0,0.0,0.0,N5_block_N18_N19_50
N9,0.4,1.09,48.29,0.0,0.0,0.0,N5_block_N18_N19_50
N10,0.38,1.02,48.22,0.0,0.0,0.0,N5_block_N18_N19_50
N11,1.07,2.52,48.32,0.7,0.082,0.054,N5_block_N18_N19_50
N12,1.02,2.47,48.27,0.63,0.129,0.051,N5_block_N18_N19_50
N13,1.08,2.44,48.24,0.61,0.076,0.042,N5_block_N18_N19_50
N14,0.5,1.42,47.22,0.0,0.0,0.0,N5_block_N18_N19_50
N15,1.86,3.87,48.27,1.37,0.527,0.31,N5_block_N18_N19_50
N16,1.87,3.85,48.25,1.39,0.477,0.289,N5_block_N18_N19_50
N17,0.61,1.82,46.22,0.0,0.0,0.0,N5_block_N18_N19_50
N18,2.75,5.18,48.18,1.7,0.699,0.513,N5_block_N18_N19_50
N19,1.85,3.98,45.58,1.19,0.446,0.299,N5_block_N18_N19_50
N20,0.57,0.75,40.75,0.0,0.0,0.0,N5_block_N18_N19_50
N1,0.19,0.31,50.31,0.0,0.0,0.0,N5_block_N18_N19_75
N2,0.17,0.28,50.28,0.0,0.0,0.0,N5_block_N18_N19_75
N3,0.19,0.31,50.31,0.0,0.0,0.0,N5_block_N18_N19_75
N4,0.29,0.79,49.39,0.0,0.0,0.0,N5_block_N18_N19_75
N5,0.28,0.79,49.39,0.0,0.0,0.0,N5_block_N18_N19_75
N6,0.27,0.75,49.35,0.0,0.0,0.0,N5_block_N18_N19_75
N7,0.3,0.83,49.43,0.0,0.0,0.0,N5_block_N18_N19_75
N8,0.95,2.19,49.39,0.0,0.0,0.0,N5_block_N18_N19_75
N9,0.9,2.17,49.37,0.0,0.0,0.0,N5_block_N18_N19_75
N10,0.85,2.14,49.34,0.0,0.0,0.0,N5_block_N18_N19_75
N11,1.88,3.57,49.37,1.42,0.245,0.227,N5_block_N18_N19_75
N12,1.85,3.56,49.36,1.4,0.269,0.25,N5_block_N18_N19_75
N13,1.87,3.55,49.35,1.35,0.248,0.232,N5_block_N18_N19_75
N14,0.72,1.75,47.55,0.0,0.0,0.0,N5_block_N18_N19_75
N15,3.03,4.96,49.36,2.1,0.499,0.51,N5_block_N18_N19_75
N16,3.02,4.95,49.35,2.1,0.545,0.482,N5_block_N18_N19_75
N17,0.57,1.37,45.77,0.0,0.0,0.0,N5_block_N18_N19_75
N18,4.25,6.33,49.33,2.47,0.696,0.697,N5_block_N18_N19_75
N19,1.57,3.04,44.64,1.45,0.115,0.136,N5_block_N18_N19_75
N20,0.56,0.75,40.75,0.0,0.0,0.0,N5_block_N18_N19_75
