configured_tau,source,target,R_source,S,tau,Q,L,C,u
0.0,npm:ee-first@1.1.1,npm:on-finished@2.4.1,0.0,1.0,0.0,0.0,,,
0.0,npm:es-errors@1.3.0,npm:es-object-atoms@1.1.2,0.0,1.0,0.0,0.0,,,
0.0,npm:es-errors@1.3.0,npm:call-bind-apply-helpers@1.0.2,0.0,1.0,0.0,0.0,,,
0.0,npm:function-bind@1.1.2,npm:call-bind-apply-helpers@1.0.2,0.0,1.0,0.0,0.0,,,
0.0,npm:function-bind@1.1.2,npm:hasown@2.0.4,0.0,1.0,0.0,0.0,,,
0.0,npm:forwarded@0.2.0,npm:proxy-addr@2.0.8,0.0,1.0,0.0,0.0,,,
0.0,npm:ipaddr.js@1.9.1,npm:proxy-addr@2.0.8,0.0,1.0,0.0,0.0,,,
0.0,npm:mime-db@1.52.0,npm:mime-types@2.1.35,0.0,1.0,0.0,0.0,,,
0.0,npm:ms@2.0.0,npm:debug@2.6.9,0.0,1.0,0.0,0.0,,,
0.0,npm:es-errors@1.3.0,npm:side-channel-list@1.0.1,0.0,1.0,0.0,0.0,,,
0.0,npm:object-inspect@1.13.4,npm:side-channel-list@1.0.1,0.0,1.0,0.0,0.0,,,
0.0,npm:safe-buffer@5.2.1,npm:content-disposition@0.5.4,0.0,1.0,0.0,0.0,,,
0.0,npm:safer-buffer@2.1.2,npm:iconv-lite@0.4.24,0.0,1.0,0.0,0.0,,,
0.0,npm:depd@2.0.0,npm:http-errors@2.0.0,0.0,1.0,0.0,0.0,,,
0.0,npm:inherits@2.0.4,npm:http-errors@2.0.0,0.0,1.0,0.0,0.0,,,
0.0,npm:setprototypeof@1.2.0,npm:http-errors@2.0.0,0.0,1.0,0.0,0.0,,,
0.0,npm:statuses@2.0.1,npm:http-errors@2.0.0,0.0,1.0,0.0,0.0,,,
0.0,npm:toidentifier@1.0.1,npm:http-errors@2.0.0,0.0,1.0,0.0,0.0,,,
0.0,npm:call-bind-apply-helpers@1.0.2,npm:dunder-proto@1.0.1,0.0,1.0,0.0,0.0,,,
0.0,npm:es-errors@1.3.0,npm:dunder-proto@1.0.1,0.0,1.0,0.0,0.0,,,
0.0,npm:gopd@1.2.0,npm:dunder-proto@1.0.1,0.0,1.0,0.0,0.0,,,
0.0,npm:mime-types@2.1.35,npm:accepts@1.3.8,0.0,1.0,0.0,0.0,,,
0.0,npm:negotiator@0.6.3,npm:accepts@1.3.8,0.0,1.0,0.0,0.0,,,
0.0,npm:media-typer@0.3.0,npm:type-is@1.6.18,0.0,1.0,0.0,0.0,,,
0.0,npm:mime-types@2.1.35,npm:type-is@1.6.18,0.0,1.0,0.0,0.0,,,
0.0,npm:debug@2.6.9,npm:finalhandler@1.2.0,0.0,1.0,0.0,0.0,,,
0.0,npm:encodeurl@1.0.2,npm:finalhandler@1.2.0,0.0,1.0,0.0,0.0,,,
0.0,npm:escape-html@1.0.3,npm:finalhandler@1.2.0,0.0,1.0,0.0,0.0,,,
0.0,npm:on-finished@2.4.1,npm:finalhandler@1.2.0,0.0,1.0,0.0,0.0,,,
0.0,npm:parseurl@1.3.3,npm:finalhandler@1.2.0,0.0,1.0,0.0,0.0,,,
0.0,npm:statuses@2.0.1,npm:finalhandler@1.2.0,0.0,1.0,0.0,0.0,,,
0.0,npm:unpipe@1.0.0,npm:finalhandler@1.2.0,0.0,1.0,0.0,0.0,,,
0.0,npm:bytes@3.1.2,npm:raw-body@2.5.1,0.0,1.0,0.0,0.0,,,
0.0,npm:http-errors@2.0.0,npm:raw-body@2.5.1,0.0,1.0,0.0,0.0,,,
0.0,npm:iconv-lite@0.4.24,npm:raw-body@2.5.1,0.0,1.0,0.0,0.0,,,
0.0,npm:unpipe@1.0.0,npm:raw-body@2.5.1,0.0,1.0,0.0,0.0,,,
0.0,npm:debug@2.6.9,npm:send@0.18.0,0.0,1.0,0.0,0.0,,,
0.0,npm:depd@2.0.0,npm:send@0.18.0,0.0,1.0,0.0,0.0,,,
0.0,npm:destroy@1.2.0,npm:send@0.18.0,0.0,1.0,0.0,0.0,,,
0.0,npm:encodeurl@1.0.2,npm:send@0.18.0,0.0,1.0,0.0,0.0,,,
0.0,npm:escape-html@1.0.3,npm:send@0.18.0,0.0,1.0,0.0,0.0,,,
0.0,npm:etag@1.8.1,npm:send@0.18.0,0.0,1.0,0.0,0.0,,,
0.0,npm:fresh@0.5.2,npm:send@0.18.0,0.0,1.0,0.0,0.0,,,
0.0,npm:http-errors@2.0.0,npm:send@0.18.0,0.0,1.0,0.0,0.0,,,
0.0,npm:mime@1.6.0,npm:send@0.18.0,0.0,1.0,0.0,0.0,,,
0.0,npm:ms@2.1.3,npm:send@0.18.0,0.0,1.0,0.0,0.0,,,
0.0,npm:on-finished@2.4.1,npm:send@0.18.0,0.0,1.0,0.0,0.0,,,
0.0,npm:range-parser@1.2.1,npm:send@0.18.0,0.0,1.0,0.0,0.0,,,
0.0,npm:statuses@2.0.1,npm:send@0.18.0,0.0,1.0,0.0,0.0,,,
0.0,npm:dunder-proto@1.0.1,npm:get-proto@1.0.1,0.0,1.0,0.0,0.0,,,
0.0,npm:es-object-atoms@1.1.2,npm:get-proto@1.0.1,0.0,1.0,0.0,0.0,,,
0.0,npm:encodeurl@1.0.2,npm:serve-static@1.15.0,0.0,1.0,0.0,0.0,,,
0.0,npm:escape-html@1.0.3,npm:serve-static@1.15.0,0.0,1.0,0.0,0.0,,,
0.0,npm:parseurl@1.3.3,npm:serve-static@1.15.0,0.0,1.0,0.0,0.0,,,
0.0,npm:send@0.18.0,npm:serve-static@1.15.0,0.25,1.0,0.0,0.0,,,
0.0,npm:async-function@1.0.0,npm:get-intrinsic@1.3.1,0.0,1.0,0.0,0.0,,,
0.0,npm:async-generator-function@1.0.0,npm:get-intrinsic@1.3.1,0.0,1.0,0.0,0.0,,,
0.0,npm:call-bind-apply-helpers@1.0.2,npm:get-intrinsic@1.3.1,0.0,1.0,0.0,0.0,,,
0.0,npm:es-define-property@1.0.1,npm:get-intrinsic@1.3.1,0.0,1.0,0.0,0.0,,,
0.0,npm:es-errors@1.3.0,npm:get-intrinsic@1.3.1,0.0,1.0,0.0,0.0,,,
0.0,npm:es-object-atoms@1.1.2,npm:get-intrinsic@1.3.1,0.0,1.0,0.0,0.0,,,
0.0,npm:function-bind@1.1.2,npm:get-intrinsic@1.3.1,0.0,1.0,0.0,0.0,,,
0.0,npm:generator-function@2.0.1,npm:get-intrinsic@1.3.1,0.0,1.0,0.0,0.0,,,
0.0,npm:get-proto@1.0.1,npm:get-intrinsic@1.3.1,0.0,1.0,0.0,0.0,,,
0.0,npm:gopd@1.2.0,npm:get-intrinsic@1.3.1,0.0,1.0,0.0,0.0,,,
0.0,npm:has-symbols@1.1.0,npm:get-intrinsic@1.3.1,0.0,1.0,0.0,0.0,,,
0.0,npm:hasown@2.0.4,npm:get-intrinsic@1.3.1,0.0,1.0,0.0,0.0,,,
0.0,npm:math-intrinsics@1.1.0,npm:get-intrinsic@1.3.1,0.0,1.0,0.0,0.0,,,
0.0,npm:call-bind-apply-helpers@1.0.2,npm:call-bound@1.0.4,0.0,1.0,0.0,0.0,,,
0.0,npm:get-intrinsic@1.3.1,npm:call-bound@1.0.4,0.0,1.0,0.0,0.0,,,
0.0,npm:call-bound@1.0.4,npm:side-channel-map@1.0.1,0.0,1.0,0.0,0.0,,,
0.0,npm:es-errors@1.3.0,npm:side-channel-map@1.0.1,0.0,1.0,0.0,0.0,,,
0.0,npm:get-intrinsic@1.3.1,npm:side-channel-map@1.0.1,0.0,1.0,0.0,0.0,,,
0.0,npm:object-inspect@1.13.4,npm:side-channel-map@1.0.1,0.0,1.0,0.0,0.0,,,
0.0,npm:call-bound@1.0.4,npm:side-channel-weakmap@1.0.2,0.0,1.0,0.0,0.0,,,
0.0,npm:es-errors@1.3.0,npm:side-channel-weakmap@1.0.2,0.0,1.0,0.0,0.0,,,
0.0,npm:get-intrinsic@1.3.1,npm:side-channel-weakmap@1.0.2,0.0,1.0,0.0,0.0,,,
0.0,npm:object-inspect@1.13.4,npm:side-channel-weakmap@1.0.2,0.0,1.0,0.0,0.0,,,
0.0,npm:side-channel-map@1.0.1,npm:side-channel-weakmap@1.0.2,0.0,1.0,0.0,0.0,,,
0.0,npm:es-errors@1.3.0,npm:side-channel@1.1.1,0.0,1.0,0.0,0.0,,,
0.0,npm:object-inspect@1.13.4,npm:side-channel@1.1.1,0.0,1.0,0.0,0.0,,,
0.0,npm:side-channel-list@1.0.1,npm:side-channel@1.1.1,0.0,1.0,0.0,0.0,,,
0.0,npm:side-channel-map@1.0.1,npm:side-channel@1.1.1,0.0,1.0,0.0,0.0,,,
0.0,npm:side-channel-weakmap@1.0.2,npm:side-channel@1.1.1,0.0,1.0,0.0,0.0,,,
0.0,npm:side-channel@1.1.1,npm:qs@6.11.0,0.0,1.0,0.0,0.0,,,
0.0,npm:bytes@3.1.2,npm:body-parser@1.20.1,0.0,1.0,0.0,0.0,,,
0.0,npm:content-type@1.0.5,npm:body-parser@1.20.1,0.0,1.0,0.0,0.0,,,
0.0,npm:debug@2.6.9,npm:body-parser@1.20.1,0.0,1.0,0.0,0.0,,,
0.0,npm:depd@2.0.0,npm:body-parser@1.20.1,0.0,1.0,0.0,0.0,,,
0.0,npm:destroy@1.2.0,npm:body-parser@1.20.1,0.0,1.0,0.0,0.0,,,
0.0,npm:http-errors@2.0.0,npm:body-parser@1.20.1,0.0,1.0,0.0,0.0,,,
0.0,npm:iconv-lite@0.4.24,npm:body-parser@1.20.1,0.0,1.0,0.0,0.0,,,
0.0,npm:on-finished@2.4.1,npm:body-parser@1.20.1,0.0,1.0,0.0,0.0,,,
0.0,npm:qs@6.11.0,npm:body-parser@1.20.1,0.5,1.0,0.0,0.0,,,
0.0,npm:raw-body@2.5.1,npm:body-parser@1.20.1,0.0,1.0,0.0,0.0,,,
0.0,npm:type-is@1.6.18,npm:body-parser@1.20.1,0.0,1.0,0.0,0.0,,,
0.0,npm:unpipe@1.0.0,npm:body-parser@1.20.1,0.0,1.0,0.0,0.0,,,
0.0,npm:accepts@1.3.8,npm:express@4.18.2,0.0,1.0,0.0,0.0,,,
0.0,npm:array-flatten@1.1.1,npm:express@4.18.2,0.0,1.0,0.0,0.0,,,
0.0,npm:body-parser@1.20.1,npm:express@4.18.2,0.75,1.0,0.0,0.0,,,
0.0,npm:content-disposition@0.5.4,npm:express@4.18.2,0.0,1.0,0.0,0.0,,,
0.0,npm:content-type@1.0.5,npm:express@4.18.2,0.0,1.0,0.0,0.0,,,
0.0,npm:cookie@0.5.0,npm:express@4.18.2,0.25,1.0,0.0,0.0,,,
0.0,npm:cookie-signature@1.0.6,npm:express@4.18.2,0.0,1.0,0.0,0.0,,,
0.0,npm:debug@2.6.9,npm:express@4.18.2,0.0,1.0,0.0,0.0,,,
0.0,npm:depd@2.0.0,npm:express@4.18.2,0.0,1.0,0.0,0.0,,,
0.0,npm:encodeurl@1.0.2,npm:express@4.18.2,0.0,1.0,0.0,0.0,,,
0.0,npm:escape-html@1.0.3,npm:express@4.18.2,0.0,1.0,0.0,0.0,,,
0.0,npm:etag@1.8.1,npm:express@4.18.2,0.0,1.0,0.0,0.0,,,
0.0,npm:finalhandler@1.2.0,npm:express@4.18.2,0.0,1.0,0.0,0.0,,,
0.0,npm:fresh@0.5.2,npm:express@4.18.2,0.0,1.0,0.0,0.0,,,
0.0,npm:http-errors@2.0.0,npm:express@4.18.2,0.0,1.0,0.0,0.0,,,
0.0,npm:merge-descriptors@1.0.1,npm:express@4.18.2,0.0,1.0,0.0,0.0,,,
0.0,npm:methods@1.1.2,npm:express@4.18.2,0.0,1.0,0.0,0.0,,,
0.0,npm:on-finished@2.4.1,npm:express@4.18.2,0.0,1.0,0.0,0.0,,,
0.0,npm:parseurl@1.3.3,npm:express@4.18.2,0.0,1.0,0.0,0.0,,,
0.0,npm:path-to-regexp@0.1.7,npm:express@4.18.2,0.75,1.0,0.0,0.0,,,
0.0,npm:proxy-addr@2.0.8,npm:express@4.18.2,0.0,1.0,0.0,0.0,,,
0.0,npm:qs@6.11.0,npm:express@4.18.2,0.5,1.0,0.0,0.0,,,
0.0,npm:range-parser@1.2.1,npm:express@4.18.2,0.0,1.0,0.0,0.0,,,
0.0,npm:safe-buffer@5.2.1,npm:express@4.18.2,0.0,1.0,0.0,0.0,,,
0.0,npm:send@0.18.0,npm:express@4.18.2,0.25,1.0,0.0,0.0,,,
0.0,npm:serve-static@1.15.0,npm:express@4.18.2,0.25,1.0,0.0,0.0,,,
0.0,npm:setprototypeof@1.2.0,npm:express@4.18.2,0.0,1.0,0.0,0.0,,,
0.0,npm:statuses@2.0.1,npm:express@4.18.2,0.0,1.0,0.0,0.0,,,
0.0,npm:type-is@1.6.18,npm:express@4.18.2,0.0,1.0,0.0,0.0,,,
0.0,npm:utils-merge@1.0.1,npm:express@4.18.2,0.0,1.0,0.0,0.0,,,
0.0,npm:vary@1.1.2,npm:express@4.18.2,0.0,1.0,0.0,0.0,,,
0.25,npm:ee-first@1.1.1,npm:on-finished@2.4.1,0.0,1.0,0.25,0.0,,,
0.25,npm:es-errors@1.3.0,npm:es-object-atoms@1.1.2,0.0,1.0,0.25,0.0,,,
0.25,npm:es-errors@1.3.0,npm:call-bind-apply-helpers@1.0.2,0.0,1.0,0.25,0.0,,,
0.25,npm:function-bind@1.1.2,npm:call-bind-apply-helpers@1.0.2,0.0,1.0,0.25,0.0,,,
0.25,npm:function-bind@1.1.2,npm:hasown@2.0.4,0.0,1.0,0.25,0.0,,,
0.25,npm:forwarded@0.2.0,npm:proxy-addr@2.0.8,0.0,1.0,0.25,0.0,,,
0.25,npm:ipaddr.js@1.9.1,npm:proxy-addr@2.0.8,0.0,1.0,0.25,0.0,,,
0.25,npm:mime-db@1.52.0,npm:mime-types@2.1.35,0.0,1.0,0.25,0.0,,,
0.25,npm:ms@2.0.0,npm:debug@2.6.9,0.0,1.0,0.25,0.0,,,
0.25,npm:es-errors@1.3.0,npm:side-channel-list@1.0.1,0.0,1.0,0.25,0.0,,,
0.25,npm:object-inspect@1.13.4,npm:side-channel-list@1.0.1,0.0,1.0,0.25,0.0,,,
0.25,npm:safe-buffer@5.2.1,npm:content-disposition@0.5.4,0.0,1.0,0.25,0.0,,,
0.25,npm:safer-buffer@2.1.2,npm:iconv-lite@0.4.24,0.0,1.0,0.25,0.0,,,
0.25,npm:depd@2.0.0,npm:http-errors@2.0.0,0.0,1.0,0.25,0.0,,,
0.25,npm:inherits@2.0.4,npm:http-errors@2.0.0,0.0,1.0,0.25,0.0,,,
0.25,npm:setprototypeof@1.2.0,npm:http-errors@2.0.0,0.0,1.0,0.25,0.0,,,
0.25,npm:statuses@2.0.1,npm:http-errors@2.0.0,0.0,1.0,0.25,0.0,,,
0.25,npm:toidentifier@1.0.1,npm:http-errors@2.0.0,0.0,1.0,0.25,0.0,,,
0.25,npm:call-bind-apply-helpers@1.0.2,npm:dunder-proto@1.0.1,0.0,1.0,0.25,0.0,,,
0.25,npm:es-errors@1.3.0,npm:dunder-proto@1.0.1,0.0,1.0,0.25,0.0,,,
0.25,npm:gopd@1.2.0,npm:dunder-proto@1.0.1,0.0,1.0,0.25,0.0,,,
0.25,npm:mime-types@2.1.35,npm:accepts@1.3.8,0.0,1.0,0.25,0.0,,,
0.25,npm:negotiator@0.6.3,npm:accepts@1.3.8,0.0,1.0,0.25,0.0,,,
0.25,npm:media-typer@0.3.0,npm:type-is@1.6.18,0.0,1.0,0.25,0.0,,,
0.25,npm:mime-types@2.1.35,npm:type-is@1.6.18,0.0,1.0,0.25,0.0,,,
0.25,npm:debug@2.6.9,npm:finalhandler@1.2.0,0.0,1.0,0.25,0.0,,,
0.25,npm:encodeurl@1.0.2,npm:finalhandler@1.2.0,0.0,1.0,0.25,0.0,,,
0.25,npm:escape-html@1.0.3,npm:finalhandler@1.2.0,0.0,1.0,0.25,0.0,,,
0.25,npm:on-finished@2.4.1,npm:finalhandler@1.2.0,0.0,1.0,0.25,0.0,,,
0.25,npm:parseurl@1.3.3,npm:finalhandler@1.2.0,0.0,1.0,0.25,0.0,,,
0.25,npm:statuses@2.0.1,npm:finalhandler@1.2.0,0.0,1.0,0.25,0.0,,,
0.25,npm:unpipe@1.0.0,npm:finalhandler@1.2.0,0.0,1.0,0.25,0.0,,,
0.25,npm:bytes@3.1.2,npm:raw-body@2.5.1,0.0,1.0,0.25,0.0,,,
0.25,npm:http-errors@2.0.0,npm:raw-body@2.5.1,0.0,1.0,0.25,0.0,,,
0.25,npm:iconv-lite@0.4.24,npm:raw-body@2.5.1,0.0,1.0,0.25,0.0,,,
0.25,npm:unpipe@1.0.0,npm:raw-body@2.5.1,0.0,1.0,0.25,0.0,,,
0.25,npm:debug@2.6.9,npm:send@0.18.0,0.0,1.0,0.25,0.0,,,
0.25,npm:depd@2.0.0,npm:send@0.18.0,0.0,1.0,0.25,0.0,,,
0.25,npm:destroy@1.2.0,npm:send@0.18.0,0.0,1.0,0.25,0.0,,,
0.25,npm:encodeurl@1.0.2,npm:send@0.18.0,0.0,1.0,0.25,0.0,,,
0.25,npm:escape-html@1.0.3,npm:send@0.18.0,0.0,1.0,0.25,0.0,,,
0.25,npm:etag@1.8.1,npm:send@0.18.0,0.0,1.0,0.25,0.0,,,
0.25,npm:fresh@0.5.2,npm:send@0.18.0,0.0,1.0,0.25,0.0,,,
0.25,npm:http-errors@2.0.0,npm:send@0.18.0,0.0,1.0,0.25,0.0,,,
0.25,npm:mime@1.6.0,npm:send@0.18.0,0.0,1.0,0.25,0.0,,,
0.25,npm:ms@2.1.3,npm:send@0.18.0,0.0,1.0,0.25,0.0,,,
0.25,npm:on-finished@2.4.1,npm:send@0.18.0,0.0,1.0,0.25,0.0,,,
0.25,npm:range-parser@1.2.1,npm:send@0.18.0,0.0,1.0,0.25,0.0,,,
0.25,npm:statuses@2.0.1,npm:send@0.18.0,0.0,1.0,0.25,0.0,,,
0.25,npm:dunder-proto@1.0.1,npm:get-proto@1.0.1,0.0,1.0,0.25,0.0,,,
0.25,npm:es-object-atoms@1.1.2,npm:get-proto@1.0.1,0.0,1.0,0.25,0.0,,,
0.25,npm:encodeurl@1.0.2,npm:serve-static@1.15.0,0.0,1.0,0.25,0.0,,,
0.25,npm:escape-html@1.0.3,npm:serve-static@1.15.0,0.0,1.0,0.25,0.0,,,
0.25,npm:parseurl@1.3.3,npm:serve-static@1.15.0,0.0,1.0,0.25,0.0,,,
0.25,npm:send@0.18.0,npm:serve-static@1.15.0,0.25,1.0,0.25,0.0625,,,
0.25,npm:async-function@1.0.0,npm:get-intrinsic@1.3.1,0.0,1.0,0.25,0.0,,,
0.25,npm:async-generator-function@1.0.0,npm:get-intrinsic@1.3.1,0.0,1.0,0.25,0.0,,,
0.25,npm:call-bind-apply-helpers@1.0.2,npm:get-intrinsic@1.3.1,0.0,1.0,0.25,0.0,,,
0.25,npm:es-define-property@1.0.1,npm:get-intrinsic@1.3.1,0.0,1.0,0.25,0.0,,,
0.25,npm:es-errors@1.3.0,npm:get-intrinsic@1.3.1,0.0,1.0,0.25,0.0,,,
0.25,npm:es-object-atoms@1.1.2,npm:get-intrinsic@1.3.1,0.0,1.0,0.25,0.0,,,
0.25,npm:function-bind@1.1.2,npm:get-intrinsic@1.3.1,0.0,1.0,0.25,0.0,,,
0.25,npm:generator-function@2.0.1,npm:get-intrinsic@1.3.1,0.0,1.0,0.25,0.0,,,
0.25,npm:get-proto@1.0.1,npm:get-intrinsic@1.3.1,0.0,1.0,0.25,0.0,,,
0.25,npm:gopd@1.2.0,npm:get-intrinsic@1.3.1,0.0,1.0,0.25,0.0,,,
0.25,npm:has-symbols@1.1.0,npm:get-intrinsic@1.3.1,0.0,1.0,0.25,0.0,,,
0.25,npm:hasown@2.0.4,npm:get-intrinsic@1.3.1,0.0,1.0,0.25,0.0,,,
0.25,npm:math-intrinsics@1.1.0,npm:get-intrinsic@1.3.1,0.0,1.0,0.25,0.0,,,
0.25,npm:call-bind-apply-helpers@1.0.2,npm:call-bound@1.0.4,0.0,1.0,0.25,0.0,,,
0.25,npm:get-intrinsic@1.3.1,npm:call-bound@1.0.4,0.0,1.0,0.25,0.0,,,
0.25,npm:call-bound@1.0.4,npm:side-channel-map@1.0.1,0.0,1.0,0.25,0.0,,,
0.25,npm:es-errors@1.3.0,npm:side-channel-map@1.0.1,0.0,1.0,0.25,0.0,,,
0.25,npm:get-intrinsic@1.3.1,npm:side-channel-map@1.0.1,0.0,1.0,0.25,0.0,,,
0.25,npm:object-inspect@1.13.4,npm:side-channel-map@1.0.1,0.0,1.0,0.25,0.0,,,
0.25,npm:call-bound@1.0.4,npm:side-channel-weakmap@1.0.2,0.0,1.0,0.25,0.0,,,
0.25,npm:es-errors@1.3.0,npm:side-channel-weakmap@1.0.2,0.0,1.0,0.25,0.0,,,
0.25,npm:get-intrinsic@1.3.1,npm:side-channel-weakmap@1.0.2,0.0,1.0,0.25,0.0,,,
0.25,npm:object-inspect@1.13.4,npm:side-channel-weakmap@1.0.2,0.0,1.0,0.25,0.0,,,
0.25,npm:side-channel-map@1.0.1,npm:side-channel-weakmap@1.0.2,0.0,1.0,0.25,0.0,,,
0.25,npm:es-errors@1.3.0,npm:side-channel@1.1.1,0.0,1.0,0.25,0.0,,,
0.25,npm:object-inspect@1.13.4,npm:side-channel@1.1.1,0.0,1.0,0.25,0.0,,,
0.25,npm:side-channel-list@1.0.1,npm:side-channel@1.1.1,0.0,1.0,0.25,0.0,,,
0.25,npm:side-channel-map@1.0.1,npm:side-channel@1.1.1,0.0,1.0,0.25,0.0,,,
0.25,npm:side-channel-weakmap@1.0.2,npm:side-channel@1.1.1,0.0,1.0,0.25,0.0,,,
0.25,npm:side-channel@1.1.1,npm:qs@6.11.0,0.0,1.0,0.25,0.0,,,
0.25,npm:bytes@3.1.2,npm:body-parser@1.20.1,0.0,1.0,0.25,0.0,,,
0.25,npm:content-type@1.0.5,npm:body-parser@1.20.1,0.0,1.0,0.25,0.0,,,
0.25,npm:debug@2.6.9,npm:body-parser@1.20.1,0.0,1.0,0.25,0.0,,,
0.25,npm:depd@2.0.0,npm:body-parser@1.20.1,0.0,1.0,0.25,0.0,,,
0.25,npm:destroy@1.2.0,npm:body-parser@1.20.1,0.0,1.0,0.25,0.0,,,
0.25,npm:http-errors@2.0.0,npm:body-parser@1.20.1,0.0,1.0,0.25,0.0,,,
0.25,npm:iconv-lite@0.4.24,npm:body-parser@1.20.1,0.0,1.0,0.25,0.0,,,
0.25,npm:on-finished@2.4.1,npm:body-parser@1.20.1,0.0,1.0,0.25,0.0,,,
0.25,npm:qs@6.11.0,npm:body-parser@1.20.1,0.5,1.0,0.25,0.125,,,
0.25,npm:raw-body@2.5.1,npm:body-parser@1.20.1,0.0,1.0,0.25,0.0,,,
0.25,npm:type-is@1.6.18,npm:body-parser@1.20.1,0.0,1.0,0.25,0.0,,,
0.25,npm:unpipe@1.0.0,npm:body-parser@1.20.1,0.0,1.0,0.25,0.0,,,
0.25,npm:accepts@1.3.8,npm:express@4.18.2,0.0,1.0,0.25,0.0,,,
0.25,npm:array-flatten@1.1.1,npm:express@4.18.2,0.0,1.0,0.25,0.0,,,
0.25,npm:body-parser@1.20.1,npm:express@4.18.2,0.78125,1.0,0.25,0.1953125,,,
0.25,npm:content-disposition@0.5.4,npm:express@4.18.2,0.0,1.0,0.25,0.0,,,
0.25,npm:content-type@1.0.5,npm:express@4.18.2,0.0,1.0,0.25,0.0,,,
0.25,npm:cookie@0.5.0,npm:express@4.18.2,0.25,1.0,0.25,0.0625,,,
0.25,npm:cookie-signature@1.0.6,npm:express@4.18.2,0.0,1.0,0.25,0.0,,,
0.25,npm:debug@2.6.9,npm:express@4.18.2,0.0,1.0,0.25,0.0,,,
0.25,npm:depd@2.0.0,npm:express@4.18.2,0.0,1.0,0.25,0.0,,,
0.25,npm:encodeurl@1.0.2,npm:express@4.18.2,0.0,1.0,0.25,0.0,,,
0.25,npm:escape-html@1.0.3,npm:express@4.18.2,0.0,1.0,0.25,0.0,,,
0.25,npm:etag@1.8.1,npm:express@4.18.2,0.0,1.0,0.25,0.0,,,
0.25,npm:finalhandler@1.2.0,npm:express@4.18.2,0.0,1.0,0.25,0.0,,,
0.25,npm:fresh@0.5.2,npm:express@4.18.2,0.0,1.0,0.25,0.0,,,
0.25,npm:http-errors@2.0.0,npm:express@4.18.2,0.0,1.0,0.25,0.0,,,
0.25,npm:merge-descriptors@1.0.1,npm:express@4.18.2,0.0,1.0,0.25,0.0,,,
0.25,npm:methods@1.1.2,npm:express@4.18.2,0.0,1.0,0.25,0.0,,,
0.25,npm:on-finished@2.4.1,npm:express@4.18.2,0.0,1.0,0.25,0.0,,,
0.25,npm:parseurl@1.3.3,npm:express@4.18.2,0.0,1.0,0.25,0.0,,,
0.25,npm:path-to-regexp@0.1.7,npm:express@4.18.2,0.75,1.0,0.25,0.1875,,,
0.25,npm:proxy-addr@2.0.8,npm:express@4.18.2,0.0,1.0,0.25,0.0,,,
0.25,npm:qs@6.11.0,npm:express@4.18.2,0.5,1.0,0.25,0.125,,,
0.25,npm:range-parser@1.2.1,npm:express@4.18.2,0.0,1.0,0.25,0.0,,,
0.25,npm:safe-buffer@5.2.1,npm:express@4.18.2,0.0,1.0,0.25,0.0,,,
0.25,npm:send@0.18.0,npm:express@4.18.2,0.25,1.0,0.25,0.0625,,,
0.25,npm:serve-static@1.15.0,npm:express@4.18.2,0.296875,1.0,0.25,0.07421875,,,
0.25,npm:setprototypeof@1.2.0,npm:express@4.18.2,0.0,1.0,0.25,0.0,,,
0.25,npm:statuses@2.0.1,npm:express@4.18.2,0.0,1.0,0.25,0.0,,,
0.25,npm:type-is@1.6.18,npm:express@4.18.2,0.0,1.0,0.25,0.0,,,
0.25,npm:utils-merge@1.0.1,npm:express@4.18.2,0.0,1.0,0.25,0.0,,,
0.25,npm:vary@1.1.2,npm:express@4.18.2,0.0,1.0,0.25,0.0,,,
0.5,npm:ee-first@1.1.1,npm:on-finished@2.4.1,0.0,1.0,0.5,0.0,,,
0.5,npm:es-errors@1.3.0,npm:es-object-atoms@1.1.2,0.0,1.0,0.5,0.0,,,
0.5,npm:es-errors@1.3.0,npm:call-bind-apply-helpers@1.0.2,0.0,1.0,0.5,0.0,,,
0.5,npm:function-bind@1.1.2,npm:call-bind-apply-helpers@1.0.2,0.0,1.0,0.5,0.0,,,
0.5,npm:function-bind@1.1.2,npm:hasown@2.0.4,0.0,1.0,0.5,0.0,,,
0.5,npm:forwarded@0.2.0,npm:proxy-addr@2.0.8,0.0,1.0,0.5,0.0,,,
0.5,npm:ipaddr.js@1.9.1,npm:proxy-addr@2.0.8,0.0,1.0,0.5,0.0,,,
0.5,npm:mime-db@1.52.0,npm:mime-types@2.1.35,0.0,1.0,0.5,0.0,,,
0.5,npm:ms@2.0.0,npm:debug@2.6.9,0.0,1.0,0.5,0.0,,,
0.5,npm:es-errors@1.3.0,npm:side-channel-list@1.0.1,0.0,1.0,0.5,0.0,,,
0.5,npm:object-inspect@1.13.4,npm:side-channel-list@1.0.1,0.0,1.0,0.5,0.0,,,
0.5,npm:safe-buffer@5.2.1,npm:content-disposition@0.5.4,0.0,1.0,0.5,0.0,,,
0.5,npm:safer-buffer@2.1.2,npm:iconv-lite@0.4.24,0.0,1.0,0.5,0.0,,,
0.5,npm:depd@2.0.0,npm:http-errors@2.0.0,0.0,1.0,0.5,0.0,,,
0.5,npm:inherits@2.0.4,npm:http-errors@2.0.0,0.0,1.0,0.5,0.0,,,
0.5,npm:setprototypeof@1.2.0,npm:http-errors@2.0.0,0.0,1.0,0.5,0.0,,,
0.5,npm:statuses@2.0.1,npm:http-errors@2.0.0,0.0,1.0,0.5,0.0,,,
0.5,npm:toidentifier@1.0.1,npm:http-errors@2.0.0,0.0,1.0,0.5,0.0,,,
0.5,npm:call-bind-apply-helpers@1.0.2,npm:dunder-proto@1.0.1,0.0,1.0,0.5,0.0,,,
0.5,npm:es-errors@1.3.0,npm:dunder-proto@1.0.1,0.0,1.0,0.5,0.0,,,
0.5,npm:gopd@1.2.0,npm:dunder-proto@1.0.1,0.0,1.0,0.5,0.0,,,
0.5,npm:mime-types@2.1.35,npm:accepts@1.3.8,0.0,1.0,0.5,0.0,,,
0.5,npm:negotiator@0.6.3,npm:accepts@1.3.8,0.0,1.0,0.5,0.0,,,
0.5,npm:media-typer@0.3.0,npm:type-is@1.6.18,0.0,1.0,0.5,0.0,,,
0.5,npm:mime-types@2.1.35,npm:type-is@1.6.18,0.0,1.0,0.5,0.0,,,
0.5,npm:debug@2.6.9,npm:finalhandler@1.2.0,0.0,1.0,0.5,0.0,,,
0.5,npm:encodeurl@1.0.2,npm:finalhandler@1.2.0,0.0,1.0,0.5,0.0,,,
0.5,npm:escape-html@1.0.3,npm:finalhandler@1.2.0,0.0,1.0,0.5,0.0,,,
0.5,npm:on-finished@2.4.1,npm:finalhandler@1.2.0,0.0,1.0,0.5,0.0,,,
0.5,npm:parseurl@1.3.3,npm:finalhandler@1.2.0,0.0,1.0,0.5,0.0,,,
0.5,npm:statuses@2.0.1,npm:finalhandler@1.2.0,0.0,1.0,0.5,0.0,,,
0.5,npm:unpipe@1.0.0,npm:finalhandler@1.2.0,0.0,1.0,0.5,0.0,,,
0.5,npm:bytes@3.1.2,npm:raw-body@2.5.1,0.0,1.0,0.5,0.0,,,
0.5,npm:http-errors@2.0.0,npm:raw-body@2.5.1,0.0,1.0,0.5,0.0,,,
0.5,npm:iconv-lite@0.4.24,npm:raw-body@2.5.1,0.0,1.0,0.5,0.0,,,
0.5,npm:unpipe@1.0.0,npm:raw-body@2.5.1,0.0,1.0,0.5,0.0,,,
0.5,npm:debug@2.6.9,npm:send@0.18.0,0.0,1.0,0.5,0.0,,,
0.5,npm:depd@2.0.0,npm:send@0.18.0,0.0,1.0,0.5,0.0,,,
0.5,npm:destroy@1.2.0,npm:send@0.18.0,0.0,1.0,0.5,0.0,,,
0.5,npm:encodeurl@1.0.2,npm:send@0.18.0,0.0,1.0,0.5,0.0,,,
0.5,npm:escape-html@1.0.3,npm:send@0.18.0,0.0,1.0,0.5,0.0,,,
0.5,npm:etag@1.8.1,npm:send@0.18.0,0.0,1.0,0.5,0.0,,,
0.5,npm:fresh@0.5.2,npm:send@0.18.0,0.0,1.0,0.5,0.0,,,
0.5,npm:http-errors@2.0.0,npm:send@0.18.0,0.0,1.0,0.5,0.0,,,
0.5,npm:mime@1.6.0,npm:send@0.18.0,0.0,1.0,0.5,0.0,,,
0.5,npm:ms@2.1.3,npm:send@0.18.0,0.0,1.0,0.5,0.0,,,
0.5,npm:on-finished@2.4.1,npm:send@0.18.0,0.0,1.0,0.5,0.0,,,
0.5,npm:range-parser@1.2.1,npm:send@0.18.0,0.0,1.0,0.5,0.0,,,
0.5,npm:statuses@2.0.1,npm:send@0.18.0,0.0,1.0,0.5,0.0,,,
0.5,npm:dunder-proto@1.0.1,npm:get-proto@1.0.1,0.0,1.0,0.5,0.0,,,
0.5,npm:es-object-atoms@1.1.2,npm:get-proto@1.0.1,0.0,1.0,0.5,0.0,,,
0.5,npm:encodeurl@1.0.2,npm:serve-static@1.15.0,0.0,1.0,0.5,0.0,,,
0.5,npm:escape-html@1.0.3,npm:serve-static@1.15.0,0.0,1.0,0.5,0.0,,,
0.5,npm:parseurl@1.3.3,npm:serve-static@1.15.0,0.0,1.0,0.5,0.0,,,
0.5,npm:send@0.18.0,npm:serve-static@1.15.0,0.25,1.0,0.5,0.125,,,
0.5,npm:async-function@1.0.0,npm:get-intrinsic@1.3.1,0.0,1.0,0.5,0.0,,,
0.5,npm:async-generator-function@1.0.0,npm:get-intrinsic@1.3.1,0.0,1.0,0.5,0.0,,,
0.5,npm:call-bind-apply-helpers@1.0.2,npm:get-intrinsic@1.3.1,0.0,1.0,0.5,0.0,,,
0.5,npm:es-define-property@1.0.1,npm:get-intrinsic@1.3.1,0.0,1.0,0.5,0.0,,,
0.5,npm:es-errors@1.3.0,npm:get-intrinsic@1.3.1,0.0,1.0,0.5,0.0,,,
0.5,npm:es-object-atoms@1.1.2,npm:get-intrinsic@1.3.1,0.0,1.0,0.5,0.0,,,
0.5,npm:function-bind@1.1.2,npm:get-intrinsic@1.3.1,0.0,1.0,0.5,0.0,,,
0.5,npm:generator-function@2.0.1,npm:get-intrinsic@1.3.1,0.0,1.0,0.5,0.0,,,
0.5,npm:get-proto@1.0.1,npm:get-intrinsic@1.3.1,0.0,1.0,0.5,0.0,,,
0.5,npm:gopd@1.2.0,npm:get-intrinsic@1.3.1,0.0,1.0,0.5,0.0,,,
0.5,npm:has-symbols@1.1.0,npm:get-intrinsic@1.3.1,0.0,1.0,0.5,0.0,,,
0.5,npm:hasown@2.0.4,npm:get-intrinsic@1.3.1,0.0,1.0,0.5,0.0,,,
0.5,npm:math-intrinsics@1.1.0,npm:get-intrinsic@1.3.1,0.0,1.0,0.5,0.0,,,
0.5,npm:call-bind-apply-helpers@1.0.2,npm:call-bound@1.0.4,0.0,1.0,0.5,0.0,,,
0.5,npm:get-intrinsic@1.3.1,npm:call-bound@1.0.4,0.0,1.0,0.5,0.0,,,
0.5,npm:call-bound@1.0.4,npm:side-channel-map@1.0.1,0.0,1.0,0.5,0.0,,,
0.5,npm:es-errors@1.3.0,npm:side-channel-map@1.0.1,0.0,1.0,0.5,0.0,,,
0.5,npm:get-intrinsic@1.3.1,npm:side-channel-map@1.0.1,0.0,1.0,0.5,0.0,,,
0.5,npm:object-inspect@1.13.4,npm:side-channel-map@1.0.1,0.0,1.0,0.5,0.0,,,
0.5,npm:call-bound@1.0.4,npm:side-channel-weakmap@1.0.2,0.0,1.0,0.5,0.0,,,
0.5,npm:es-errors@1.3.0,npm:side-channel-weakmap@1.0.2,0.0,1.0,0.5,0.0,,,
0.5,npm:get-intrinsic@1.3.1,npm:side-channel-weakmap@1.0.2,0.0,1.0,0.5,0.0,,,
0.5,npm:object-inspect@1.13.4,npm:side-channel-weakmap@1.0.2,0.0,1.0,0.5,0.0,,,
0.5,npm:side-channel-map@1.0.1,npm:side-channel-weakmap@1.0.2,0.0,1.0,0.5,0.0,,,
0.5,npm:es-errors@1.3.0,npm:side-channel@1.1.1,0.0,1.0,0.5,0.0,,,
0.5,npm:object-inspect@1.13.4,npm:side-channel@1.1.1,0.0,1.0,0.5,0.0,,,
0.5,npm:side-channel-list@1.0.1,npm:side-channel@1.1.1,0.0,1.0,0.5,0.0,,,
0.5,npm:side-channel-map@1.0.1,npm:side-channel@1.1.1,0.0,1.0,0.5,0.0,,,
0.5,npm:side-channel-weakmap@1.0.2,npm:side-channel@1.1.1,0.0,1.0,0.5,0.0,,,
0.5,npm:side-channel@1.1.1,npm:qs@6.11.0,0.0,1.0,0.5,0.0,,,
0.5,npm:bytes@3.1.2,npm:body-parser@1.20.1,0.0,1.0,0.5,0.0,,,
0.5,npm:content-type@1.0.5,npm:body-parser@1.20.1,0.0,1.0,0.5,0.0,,,
0.5,npm:debug@2.6.9,npm:body-parser@1.20.1,0.0,1.0,0.5,0.0,,,
0.5,npm:depd@2.0.0,npm:body-parser@1.20.1,0.0,1.0,0.5,0.0,,,
0.5,npm:destroy@1.2.0,npm:body-parser@1.20.1,0.0,1.0,0.5,0.0,,,
0.5,npm:http-errors@2.0.0,npm:body-parser@1.20.1,0.0,1.0,0.5,0.0,,,
0.5,npm:iconv-lite@0.4.24,npm:body-parser@1.20.1,0.0,1.0,0.5,0.0,,,
0.5,npm:on-finished@2.4.1,npm:body-parser@1.20.1,0.0,1.0,0.5,0.0,,,
0.5,npm:qs@6.11.0,npm:body-parser@1.20.1,0.5,1.0,0.5,0.25,,,
0.5,npm:raw-body@2.5.1,npm:body-parser@1.20.1,0.0,1.0,0.5,0.0,,,
0.5,npm:type-is@1.6.18,npm:body-parser@1.20.1,0.0,1.0,0.5,0.0,,,
0.5,npm:unpipe@1.0.0,npm:body-parser@1.20.1,0.0,1.0,0.5,0.0,,,
0.5,npm:accepts@1.3.8,npm:express@4.18.2,0.0,1.0,0.5,0.0,,,
0.5,npm:array-flatten@1.1.1,npm:express@4.18.2,0.0,1.0,0.5,0.0,,,
0.5,npm:body-parser@1.20.1,npm:express@4.18.2,0.8125,1.0,0.5,0.40625,,,
0.5,npm:content-disposition@0.5.4,npm:express@4.18.2,0.0,1.0,0.5,0.0,,,
0.5,npm:content-type@1.0.5,npm:express@4.18.2,0.0,1.0,0.5,0.0,,,
0.5,npm:cookie@0.5.0,npm:express@4.18.2,0.25,1.0,0.5,0.125,,,
0.5,npm:cookie-signature@1.0.6,npm:express@4.18.2,0.0,1.0,0.5,0.0,,,
0.5,npm:debug@2.6.9,npm:express@4.18.2,0.0,1.0,0.5,0.0,,,
0.5,npm:depd@2.0.0,npm:express@4.18.2,0.0,1.0,0.5,0.0,,,
0.5,npm:encodeurl@1.0.2,npm:express@4.18.2,0.0,1.0,0.5,0.0,,,
0.5,npm:escape-html@1.0.3,npm:express@4.18.2,0.0,1.0,0.5,0.0,,,
0.5,npm:etag@1.8.1,npm:express@4.18.2,0.0,1.0,0.5,0.0,,,
0.5,npm:finalhandler@1.2.0,npm:express@4.18.2,0.0,1.0,0.5,0.0,,,
0.5,npm:fresh@0.5.2,npm:express@4.18.2,0.0,1.0,0.5,0.0,,,
0.5,npm:http-errors@2.0.0,npm:express@4.18.2,0.0,1.0,0.5,0.0,,,
0.5,npm:merge-descriptors@1.0.1,npm:express@4.18.2,0.0,1.0,0.5,0.0,,,
0.5,npm:methods@1.1.2,npm:express@4.18.2,0.0,1.0,0.5,0.0,,,
0.5,npm:on-finished@2.4.1,npm:express@4.18.2,0.0,1.0,0.5,0.0,,,
0.5,npm:parseurl@1.3.3,npm:express@4.18.2,0.0,1.0,0.5,0.0,,,
0.5,npm:path-to-regexp@0.1.7,npm:express@4.18.2,0.75,1.0,0.5,0.375,,,
0.5,npm:proxy-addr@2.0.8,npm:express@4.18.2,0.0,1.0,0.5,0.0,,,
0.5,npm:qs@6.11.0,npm:express@4.18.2,0.5,1.0,0.5,0.25,,,
0.5,npm:range-parser@1.2.1,npm:express@4.18.2,0.0,1.0,0.5,0.0,,,
0.5,npm:safe-buffer@5.2.1,npm:express@4.18.2,0.0,1.0,0.5,0.0,,,
0.5,npm:send@0.18.0,npm:express@4.18.2,0.25,1.0,0.5,0.125,,,
0.5,npm:serve-static@1.15.0,npm:express@4.18.2,0.34375,1.0,0.5,0.171875,,,
0.5,npm:setprototypeof@1.2.0,npm:express@4.18.2,0.0,1.0,0.5,0.0,,,
0.5,npm:statuses@2.0.1,npm:express@4.18.2,0.0,1.0,0.5,0.0,,,
0.5,npm:type-is@1.6.18,npm:express@4.18.2,0.0,1.0,0.5,0.0,,,
0.5,npm:utils-merge@1.0.1,npm:express@4.18.2,0.0,1.0,0.5,0.0,,,
0.5,npm:vary@1.1.2,npm:express@4.18.2,0.0,1.0,0.5,0.0,,,
0.75,npm:ee-first@1.1.1,npm:on-finished@2.4.1,0.0,1.0,0.75,0.0,,,
0.75,npm:es-errors@1.3.0,npm:es-object-atoms@1.1.2,0.0,1.0,0.75,0.0,,,
0.75,npm:es-errors@1.3.0,npm:call-bind-apply-helpers@1.0.2,0.0,1.0,0.75,0.0,,,
0.75,npm:function-bind@1.1.2,npm:call-bind-apply-helpers@1.0.2,0.0,1.0,0.75,0.0,,,
0.75,npm:function-bind@1.1.2,npm:hasown@2.0.4,0.0,1.0,0.75,0.0,,,
0.75,npm:forwarded@0.2.0,npm:proxy-addr@2.0.8,0.0,1.0,0.75,0.0,,,
0.75,npm:ipaddr.js@1.9.1,npm:proxy-addr@2.0.8,0.0,1.0,0.75,0.0,,,
0.75,npm:mime-db@1.52.0,npm:mime-types@2.1.35,0.0,1.0,0.75,0.0,,,
0.75,npm:ms@2.0.0,npm:debug@2.6.9,0.0,1.0,0.75,0.0,,,
0.75,npm:es-errors@1.3.0,npm:side-channel-list@1.0.1,0.0,1.0,0.75,0.0,,,
0.75,npm:object-inspect@1.13.4,npm:side-channel-list@1.0.1,0.0,1.0,0.75,0.0,,,
0.75,npm:safe-buffer@5.2.1,npm:content-disposition@0.5.4,0.0,1.0,0.75,0.0,,,
0.75,npm:safer-buffer@2.1.2,npm:iconv-lite@0.4.24,0.0,1.0,0.75,0.0,,,
0.75,npm:depd@2.0.0,npm:http-errors@2.0.0,0.0,1.0,0.75,0.0,,,
0.75,npm:inherits@2.0.4,npm:http-errors@2.0.0,0.0,1.0,0.75,0.0,,,
0.75,npm:setprototypeof@1.2.0,npm:http-errors@2.0.0,0.0,1.0,0.75,0.0,,,
0.75,npm:statuses@2.0.1,npm:http-errors@2.0.0,0.0,1.0,0.75,0.0,,,
0.75,npm:toidentifier@1.0.1,npm:http-errors@2.0.0,0.0,1.0,0.75,0.0,,,
0.75,npm:call-bind-apply-helpers@1.0.2,npm:dunder-proto@1.0.1,0.0,1.0,0.75,0.0,,,
0.75,npm:es-errors@1.3.0,npm:dunder-proto@1.0.1,0.0,1.0,0.75,0.0,,,
0.75,npm:gopd@1.2.0,npm:dunder-proto@1.0.1,0.0,1.0,0.75,0.0,,,
0.75,npm:mime-types@2.1.35,npm:accepts@1.3.8,0.0,1.0,0.75,0.0,,,
0.75,npm:negotiator@0.6.3,npm:accepts@1.3.8,0.0,1.0,0.75,0.0,,,
0.75,npm:media-typer@0.3.0,npm:type-is@1.6.18,0.0,1.0,0.75,0.0,,,
0.75,npm:mime-types@2.1.35,npm:type-is@1.6.18,0.0,1.0,0.75,0.0,,,
0.75,npm:debug@2.6.9,npm:finalhandler@1.2.0,0.0,1.0,0.75,0.0,,,
0.75,npm:encodeurl@1.0.2,npm:finalhandler@1.2.0,0.0,1.0,0.75,0.0,,,
0.75,npm:escape-html@1.0.3,npm:finalhandler@1.2.0,0.0,1.0,0.75,0.0,,,
0.75,npm:on-finished@2.4.1,npm:finalhandler@1.2.0,0.0,1.0,0.75,0.0,,,
0.75,npm:parseurl@1.3.3,npm:finalhandler@1.2.0,0.0,1.0,0.75,0.0,,,
0.75,npm:statuses@2.0.1,npm:finalhandler@1.2.0,0.0,1.0,0.75,0.0,,,
0.75,npm:unpipe@1.0.0,npm:finalhandler@1.2.0,0.0,1.0,0.75,0.0,,,
0.75,npm:bytes@3.1.2,npm:raw-body@2.5.1,0.0,1.0,0.75,0.0,,,
0.75,npm:http-errors@2.0.0,npm:raw-body@2.5.1,0.0,1.0,0.75,0.0,,,
0.75,npm:iconv-lite@0.4.24,npm:raw-body@2.5.1,0.0,1.0,0.75,0.0,,,
0.75,npm:unpipe@1.0.0,npm:raw-body@2.5.1,0.0,1.0,0.75,0.0,,,
0.75,npm:debug@2.6.9,npm:send@0.18.0,0.0,1.0,0.75,0.0,,,
0.75,npm:depd@2.0.0,npm:send@0.18.0,0.0,1.0,0.75,0.0,,,
0.75,npm:destroy@1.2.0,npm:send@0.18.0,0.0,1.0,0.75,0.0,,,
0.75,npm:encodeurl@1.0.2,npm:send@0.18.0,0.0,1.0,0.75,0.0,,,
0.75,npm:escape-html@1.0.3,npm:send@0.18.0,0.0,1.0,0.75,0.0,,,
0.75,npm:etag@1.8.1,npm:send@0.18.0,0.0,1.0,0.75,0.0,,,
0.75,npm:fresh@0.5.2,npm:send@0.18.0,0.0,1.0,0.75,0.0,,,
0.75,npm:http-errors@2.0.0,npm:send@0.18.0,0.0,1.0,0.75,0.0,,,
0.75,npm:mime@1.6.0,npm:send@0.18.0,0.0,1.0,0.75,0.0,,,
0.75,npm:ms@2.1.3,npm:send@0.18.0,0.0,1.0,0.75,0.0,,,
0.75,npm:on-finished@2.4.1,npm:send@0.18.0,0.0,1.0,0.75,0.0,,,
0.75,npm:range-parser@1.2.1,npm:send@0.18.0,0.0,1.0,0.75,0.0,,,
0.75,npm:statuses@2.0.1,npm:send@0.18.0,0.0,1.0,0.75,0.0,,,
0.75,npm:dunder-proto@1.0.1,npm:get-proto@1.0.1,0.0,1.0,0.75,0.0,,,
0.75,npm:es-object-atoms@1.1.2,npm:get-proto@1.0.1,0.0,1.0,0.75,0.0,,,
0.75,npm:encodeurl@1.0.2,npm:serve-static@1.15.0,0.0,1.0,0.75,0.0,,,
0.75,npm:escape-html@1.0.3,npm:serve-static@1.15.0,0.0,1.0,0.75,0.0,,,
0.75,npm:parseurl@1.3.3,npm:serve-static@1.15.0,0.0,1.0,0.75,0.0,,,
0.75,npm:send@0.18.0,npm:serve-static@1.15.0,0.25,1.0,0.75,0.1875,,,
0.75,npm:async-function@1.0.0,npm:get-intrinsic@1.3.1,0.0,1.0,0.75,0.0,,,
0.75,npm:async-generator-function@1.0.0,npm:get-intrinsic@1.3.1,0.0,1.0,0.75,0.0,,,
0.75,npm:call-bind-apply-helpers@1.0.2,npm:get-intrinsic@1.3.1,0.0,1.0,0.75,0.0,,,
0.75,npm:es-define-property@1.0.1,npm:get-intrinsic@1.3.1,0.0,1.0,0.75,0.0,,,
0.75,npm:es-errors@1.3.0,npm:get-intrinsic@1.3.1,0.0,1.0,0.75,0.0,,,
0.75,npm:es-object-atoms@1.1.2,npm:get-intrinsic@1.3.1,0.0,1.0,0.75,0.0,,,
0.75,npm:function-bind@1.1.2,npm:get-intrinsic@1.3.1,0.0,1.0,0.75,0.0,,,
0.75,npm:generator-function@2.0.1,npm:get-intrinsic@1.3.1,0.0,1.0,0.75,0.0,,,
0.75,npm:get-proto@1.0.1,npm:get-intrinsic@1.3.1,0.0,1.0,0.75,0.0,,,
0.75,npm:gopd@1.2.0,npm:get-intrinsic@1.3.1,0.0,1.0,0.75,0.0,,,
0.75,npm:has-symbols@1.1.0,npm:get-intrinsic@1.3.1,0.0,1.0,0.75,0.0,,,
0.75,npm:hasown@2.0.4,npm:get-intrinsic@1.3.1,0.0,1.0,0.75,0.0,,,
0.75,npm:math-intrinsics@1.1.0,npm:get-intrinsic@1.3.1,0.0,1.0,0.75,0.0,,,
0.75,npm:call-bind-apply-helpers@1.0.2,npm:call-bound@1.0.4,0.0,1.0,0.75,0.0,,,
0.75,npm:get-intrinsic@1.3.1,npm:call-bound@1.0.4,0.0,1.0,0.75,0.0,,,
0.75,npm:call-bound@1.0.4,npm:side-channel-map@1.0.1,0.0,1.0,0.75,0.0,,,
0.75,npm:es-errors@1.3.0,npm:side-channel-map@1.0.1,0.0,1.0,0.75,0.0,,,
0.75,npm:get-intrinsic@1.3.1,npm:side-channel-map@1.0.1,0.0,1.0,0.75,0.0,,,
0.75,npm:object-inspect@1.13.4,npm:side-channel-map@1.0.1,0.0,1.0,0.75,0.0,,,
0.75,npm:call-bound@1.0.4,npm:side-channel-weakmap@1.0.2,0.0,1.0,0.75,0.0,,,
0.75,npm:es-errors@1.3.0,npm:side-channel-weakmap@1.0.2,0.0,1.0,0.75,0.0,,,
0.75,npm:get-intrinsic@1.3.1,npm:side-channel-weakmap@1.0.2,0.0,1.0,0.75,0.0,,,
0.75,npm:object-inspect@1.13.4,npm:side-channel-weakmap@1.0.2,0.0,1.0,0.75,0.0,,,
0.75,npm:side-channel-map@1.0.1,npm:side-channel-weakmap@1.0.2,0.0,1.0,0.75,0.0,,,
0.75,npm:es-errors@1.3.0,npm:side-channel@1.1.1,0.0,1.0,0.75,0.0,,,
0.75,npm:object-inspect@1.13.4,npm:side-channel@1.1.1,0.0,1.0,0.75,0.0,,,
0.75,npm:side-channel-list@1.0.1,npm:side-channel@1.1.1,0.0,1.0,0.75,0.0,,,
0.75,npm:side-channel-map@1.0.1,npm:side-channel@1.1.1,0.0,1.0,0.75,0.0,,,
0.75,npm:side-channel-weakmap@1.0.2,npm:side-channel@1.1.1,0.0,1.0,0.75,0.0,,,
0.75,npm:side-channel@1.1.1,npm:qs@6.11.0,0.0,1.0,0.75,0.0,,,
0.75,npm:bytes@3.1.2,npm:body-parser@1.20.1,0.0,1.0,0.75,0.0,,,
0.75,npm:content-type@1.0.5,npm:body-parser@1.20.1,0.0,1.0,0.75,0.0,,,
0.75,npm:debug@2.6.9,npm:body-parser@1.20.1,0.0,1.0,0.75,0.0,,,
0.75,npm:depd@2.0.0,npm:body-parser@1.20.1,0.0,1.0,0.75,0.0,,,
0.75,npm:destroy@1.2.0,npm:body-parser@1.20.1,0.0,1.0,0.75,0.0,,,
0.75,npm:http-errors@2.0.0,npm:body-parser@1.20.1,0.0,1.0,0.75,0.0,,,
0.75,npm:iconv-lite@0.4.24,npm:body-parser@1.20.1,0.0,1.0,0.75,0.0,,,
0.75,npm:on-finished@2.4.1,npm:body-parser@1.20.1,0.0,1.0,0.75,0.0,,,
0.75,npm:qs@6.11.0,npm:body-parser@1.20.1,0.5,1.0,0.75,0.375,,,
0.75,npm:raw-body@2.5.1,npm:body-parser@1.20.1,0.0,1.0,0.75,0.0,,,
0.75,npm:type-is@1.6.18,npm:body-parser@1.20.1,0.0,1.0,0.75,0.0,,,
0.75,npm:unpipe@1.0.0,npm:body-parser@1.20.1,0.0,1.0,0.75,0.0,,,
0.75,npm:accepts@1.3.8,npm:express@4.18.2,0.0,1.0,0.75,0.0,,,
0.75,npm:array-flatten@1.1.1,npm:express@4.18.2,0.0,1.0,0.75,0.0,,,
0.75,npm:body-parser@1.20.1,npm:express@4.18.2,0.84375,1.0,0.75,0.6328125,,,
0.75,npm:content-disposition@0.5.4,npm:express@4.18.2,0.0,1.0,0.75,0.0,,,
0.75,npm:content-type@1.0.5,npm:express@4.18.2,0.0,1.0,0.75,0.0,,,
0.75,npm:cookie@0.5.0,npm:express@4.18.2,0.25,1.0,0.75,0.1875,,,
0.75,npm:cookie-signature@1.0.6,npm:express@4.18.2,0.0,1.0,0.75,0.0,,,
0.75,npm:debug@2.6.9,npm:express@4.18.2,0.0,1.0,0.75,0.0,,,
0.75,npm:depd@2.0.0,npm:express@4.18.2,0.0,1.0,0.75,0.0,,,
0.75,npm:encodeurl@1.0.2,npm:express@4.18.2,0.0,1.0,0.75,0.0,,,
0.75,npm:escape-html@1.0.3,npm:express@4.18.2,0.0,1.0,0.75,0.0,,,
0.75,npm:etag@1.8.1,npm:express@4.18.2,0.0,1.0,0.75,0.0,,,
0.75,npm:finalhandler@1.2.0,npm:express@4.18.2,0.0,1.0,0.75,0.0,,,
0.75,npm:fresh@0.5.2,npm:express@4.18.2,0.0,1.0,0.75,0.0,,,
0.75,npm:http-errors@2.0.0,npm:express@4.18.2,0.0,1.0,0.75,0.0,,,
0.75,npm:merge-descriptors@1.0.1,npm:express@4.18.2,0.0,1.0,0.75,0.0,,,
0.75,npm:methods@1.1.2,npm:express@4.18.2,0.0,1.0,0.75,0.0,,,
0.75,npm:on-finished@2.4.1,npm:express@4.18.2,0.0,1.0,0.75,0.0,,,
0.75,npm:parseurl@1.3.3,npm:express@4.18.2,0.0,1.0,0.75,0.0,,,
0.75,npm:path-to-regexp@0.1.7,npm:express@4.18.2,0.75,1.0,0.75,0.5625,,,
0.75,npm:proxy-addr@2.0.8,npm:express@4.18.2,0.0,1.0,0.75,0.0,,,
0.75,npm:qs@6.11.0,npm:express@4.18.2,0.5,1.0,0.75,0.375,,,
0.75,npm:range-parser@1.2.1,npm:express@4.18.2,0.0,1.0,0.75,0.0,,,
0.75,npm:safe-buffer@5.2.1,npm:express@4.18.2,0.0,1.0,0.75,0.0,,,
0.75,npm:send@0.18.0,npm:express@4.18.2,0.25,1.0,0.75,0.1875,,,
0.75,npm:serve-static@1.15.0,npm:express@4.18.2,0.390625,1.0,0.75,0.29296875,,,
0.75,npm:setprototypeof@1.2.0,npm:express@4.18.2,0.0,1.0,0.75,0.0,,,
0.75,npm:statuses@2.0.1,npm:express@4.18.2,0.0,1.0,0.75,0.0,,,
0.75,npm:type-is@1.6.18,npm:express@4.18.2,0.0,1.0,0.75,0.0,,,
0.75,npm:utils-merge@1.0.1,npm:express@4.18.2,0.0,1.0,0.75,0.0,,,
0.75,npm:vary@1.1.2,npm:express@4.18.2,0.0,1.0,0.75,0.0,,,
1.0,npm:ee-first@1.1.1,npm:on-finished@2.4.1,0.0,1.0,1.0,0.0,,,
1.0,npm:es-errors@1.3.0,npm:es-object-atoms@1.1.2,0.0,1.0,1.0,0.0,,,
1.0,npm:es-errors@1.3.0,npm:call-bind-apply-helpers@1.0.2,0.0,1.0,1.0,0.0,,,
1.0,npm:function-bind@1.1.2,npm:call-bind-apply-helpers@1.0.2,0.0,1.0,1.0,0.0,,,
1.0,npm:function-bind@1.1.2,npm:hasown@2.0.4,0.0,1.0,1.0,0.0,,,
1.0,npm:forwarded@0.2.0,npm:proxy-addr@2.0.8,0.0,1.0,1.0,0.0,,,
1.0,npm:ipaddr.js@1.9.1,npm:proxy-addr@2.0.8,0.0,1.0,1.0,0.0,,,
1.0,npm:mime-db@1.52.0,npm:mime-types@2.1.35,0.0,1.0,1.0,0.0,,,
1.0,npm:ms@2.0.0,npm:debug@2.6.9,0.0,1.0,1.0,0.0,,,
1.0,npm:es-errors@1.3.0,npm:side-channel-list@1.0.1,0.0,1.0,1.0,0.0,,,
1.0,npm:object-inspect@1.13.4,npm:side-channel-list@1.0.1,0.0,1.0,1.0,0.0,,,
1.0,npm:safe-buffer@5.2.1,npm:content-disposition@0.5.4,0.0,1.0,1.0,0.0,,,
1.0,npm:safer-buffer@2.1.2,npm:iconv-lite@0.4.24,0.0,1.0,1.0,0.0,,,
1.0,npm:depd@2.0.0,npm:http-errors@2.0.0,0.0,1.0,1.0,0.0,,,
1.0,npm:inherits@2.0.4,npm:http-errors@2.0.0,0.0,1.0,1.0,0.0,,,
1.0,npm:setprototypeof@1.2.0,npm:http-errors@2.0.0,0.0,1.0,1.0,0.0,,,
1.0,npm:statuses@2.0.1,npm:http-errors@2.0.0,0.0,1.0,1.0,0.0,,,
1.0,npm:toidentifier@1.0.1,npm:http-errors@2.0.0,0.0,1.0,1.0,0.0,,,
1.0,npm:call-bind-apply-helpers@1.0.2,npm:dunder-proto@1.0.1,0.0,1.0,1.0,0.0,,,
1.0,npm:es-errors@1.3.0,npm:dunder-proto@1.0.1,0.0,1.0,1.0,0.0,,,
1.0,npm:gopd@1.2.0,npm:dunder-proto@1.0.1,0.0,1.0,1.0,0.0,,,
1.0,npm:mime-types@2.1.35,npm:accepts@1.3.8,0.0,1.0,1.0,0.0,,,
1.0,npm:negotiator@0.6.3,npm:accepts@1.3.8,0.0,1.0,1.0,0.0,,,
1.0,npm:media-typer@0.3.0,npm:type-is@1.6.18,0.0,1.0,1.0,0.0,,,
1.0,npm:mime-types@2.1.35,npm:type-is@1.6.18,0.0,1.0,1.0,0.0,,,
1.0,npm:debug@2.6.9,npm:finalhandler@1.2.0,0.0,1.0,1.0,0.0,,,
1.0,npm:encodeurl@1.0.2,npm:finalhandler@1.2.0,0.0,1.0,1.0,0.0,,,
1.0,npm:escape-html@1.0.3,npm:finalhandler@1.2.0,0.0,1.0,1.0,0.0,,,
1.0,npm:on-finished@2.4.1,npm:finalhandler@1.2.0,0.0,1.0,1.0,0.0,,,
1.0,npm:parseurl@1.3.3,npm:finalhandler@1.2.0,0.0,1.0,1.0,0.0,,,
1.0,npm:statuses@2.0.1,npm:finalhandler@1.2.0,0.0,1.0,1.0,0.0,,,
1.0,npm:unpipe@1.0.0,npm:finalhandler@1.2.0,0.0,1.0,1.0,0.0,,,
1.0,npm:bytes@3.1.2,npm:raw-body@2.5.1,0.0,1.0,1.0,0.0,,,
1.0,npm:http-errors@2.0.0,npm:raw-body@2.5.1,0.0,1.0,1.0,0.0,,,
1.0,npm:iconv-lite@0.4.24,npm:raw-body@2.5.1,0.0,1.0,1.0,0.0,,,
1.0,npm:unpipe@1.0.0,npm:raw-body@2.5.1,0.0,1.0,1.0,0.0,,,
1.0,npm:debug@2.6.9,npm:send@0.18.0,0.0,1.0,1.0,0.0,,,
1.0,npm:depd@2.0.0,npm:send@0.18.0,0.0,1.0,1.0,0.0,,,
1.0,npm:destroy@1.2.0,npm:send@0.18.0,0.0,1.0,1.0,0.0,,,
1.0,npm:encodeurl@1.0.2,npm:send@0.18.0,0.0,1.0,1.0,0.0,,,
1.0,npm:escape-html@1.0.3,npm:send@0.18.0,0.0,1.0,1.0,0.0,,,
1.0,npm:etag@1.8.1,npm:send@0.18.0,0.0,1.0,1.0,0.0,,,
1.0,npm:fresh@0.5.2,npm:send@0.18.0,0.0,1.0,1.0,0.0,,,
1.0,npm:http-errors@2.0.0,npm:send@0.18.0,0.0,1.0,1.0,0.0,,,
1.0,npm:mime@1.6.0,npm:send@0.18.0,0.0,1.0,1.0,0.0,,,
1.0,npm:ms@2.1.3,npm:send@0.18.0,0.0,1.0,1.0,0.0,,,
1.0,npm:on-finished@2.4.1,npm:send@0.18.0,0.0,1.0,1.0,0.0,,,
1.0,npm:range-parser@1.2.1,npm:send@0.18.0,0.0,1.0,1.0,0.0,,,
1.0,npm:statuses@2.0.1,npm:send@0.18.0,0.0,1.0,1.0,0.0,,,
1.0,npm:dunder-proto@1.0.1,npm:get-proto@1.0.1,0.0,1.0,1.0,0.0,,,
1.0,npm:es-object-atoms@1.1.2,npm:get-proto@1.0.1,0.0,1.0,1.0,0.0,,,
1.0,npm:encodeurl@1.0.2,npm:serve-static@1.15.0,0.0,1.0,1.0,0.0,,,
1.0,npm:escape-html@1.0.3,npm:serve-static@1.15.0,0.0,1.0,1.0,0.0,,,
1.0,npm:parseurl@1.3.3,npm:serve-static@1.15.0,0.0,1.0,1.0,0.0,,,
1.0,npm:send@0.18.0,npm:serve-static@1.15.0,0.25,1.0,1.0,0.25,,,
1.0,npm:async-function@1.0.0,npm:get-intrinsic@1.3.1,0.0,1.0,1.0,0.0,,,
1.0,npm:async-generator-function@1.0.0,npm:get-intrinsic@1.3.1,0.0,1.0,1.0,0.0,,,
1.0,npm:call-bind-apply-helpers@1.0.2,npm:get-intrinsic@1.3.1,0.0,1.0,1.0,0.0,,,
1.0,npm:es-define-property@1.0.1,npm:get-intrinsic@1.3.1,0.0,1.0,1.0,0.0,,,
1.0,npm:es-errors@1.3.0,npm:get-intrinsic@1.3.1,0.0,1.0,1.0,0.0,,,
1.0,npm:es-object-atoms@1.1.2,npm:get-intrinsic@1.3.1,0.0,1.0,1.0,0.0,,,
1.0,npm:function-bind@1.1.2,npm:get-intrinsic@1.3.1,0.0,1.0,1.0,0.0,,,
1.0,npm:generator-function@2.0.1,npm:get-intrinsic@1.3.1,0.0,1.0,1.0,0.0,,,
1.0,npm:get-proto@1.0.1,npm:get-intrinsic@1.3.1,0.0,1.0,1.0,0.0,,,
1.0,npm:gopd@1.2.0,npm:get-intrinsic@1.3.1,0.0,1.0,1.0,0.0,,,
1.0,npm:has-symbols@1.1.0,npm:get-intrinsic@1.3.1,0.0,1.0,1.0,0.0,,,
1.0,npm:hasown@2.0.4,npm:get-intrinsic@1.3.1,0.0,1.0,1.0,0.0,,,
1.0,npm:math-intrinsics@1.1.0,npm:get-intrinsic@1.3.1,0.0,1.0,1.0,0.0,,,
1.0,npm:call-bind-apply-helpers@1.0.2,npm:call-bound@1.0.4,0.0,1.0,1.0,0.0,,,
1.0,npm:get-intrinsic@1.3.1,npm:call-bound@1.0.4,0.0,1.0,1.0,0.0,,,
1.0,npm:call-bound@1.0.4,npm:side-channel-map@1.0.1,0.0,1.0,1.0,0.0,,,
1.0,npm:es-errors@1.3.0,npm:side-channel-map@1.0.1,0.0,1.0,1.0,0.0,,,
1.0,npm:get-intrinsic@1.3.1,npm:side-channel-map@1.0.1,0.0,1.0,1.0,0.0,,,
1.0,npm:object-inspect@1.13.4,npm:side-channel-map@1.0.1,0.0,1.0,1.0,0.0,,,
1.0,npm:call-bound@1.0.4,npm:side-channel-weakmap@1.0.2,0.0,1.0,1.0,0.0,,,
1.0,npm:es-errors@1.3.0,npm:side-channel-weakmap@1.0.2,0.0,1.0,1.0,0.0,,,
1.0,npm:get-intrinsic@1.3.1,npm:side-channel-weakmap@1.0.2,0.0,1.0,1.0,0.0,,,
1.0,npm:object-inspect@1.13.4,npm:side-channel-weakmap@1.0.2,0.0,1.0,1.0,0.0,,,
1.0,npm:side-channel-map@1.0.1,npm:side-channel-weakmap@1.0.2,0.0,1.0,1.0,0.0,,,
1.0,npm:es-errors@1.3.0,npm:side-channel@1.1.1,0.0,1.0,1.0,0.0,,,
1.0,npm:object-inspect@1.13.4,npm:side-channel@1.1.1,0.0,1.0,1.0,0.0,,,
1.0,npm:side-channel-list@1.0.1,npm:side-channel@1.1.1,0.0,1.0,1.0,0.0,,,
1.0,npm:side-channel-map@1.0.1,npm:side-channel@1.1.1,0.0,1.0,1.0,0.0,,,
1.0,npm:side-channel-weakmap@1.0.2,npm:side-channel@1.1.1,0.0,1.0,1.0,0.0,,,
1.0,npm:side-channel@1.1.1,npm:qs@6.11.0,0.0,1.0,1.0,0.0,,,
1.0,npm:bytes@3.1.2,npm:body-parser@1.20.1,0.0,1.0,1.0,0.0,,,
1.0,npm:content-type@1.0.5,npm:body-parser@1.20.1,0.0,1.0,1.0,0.0,,,
1.0,npm:debug@2.6.9,npm:body-parser@1.20.1,0.0,1.0,1.0,0.0,,,
1.0,npm:depd@2.0.0,npm:body-parser@1.20.1,0.0,1.0,1.0,0.0,,,
1.0,npm:destroy@1.2.0,npm:body-parser@1.20.1,0.0,1.0,1.0,0.0,,,
1.0,npm:http-errors@2.0.0,npm:body-parser@1.20.1,0.0,1.0,1.0,0.0,,,
1.0,npm:iconv-lite@0.4.24,npm:body-parser@1.20.1,0.0,1.0,1.0,0.0,,,
1.0,npm:on-finished@2.4.1,npm:body-parser@1.20.1,0.0,1.0,1.0,0.0,,,
1.0,npm:qs@6.11.0,npm:body-parser@1.20.1,0.5,1.0,1.0,0.5,,,
1.0,npm:raw-body@2.5.1,npm:body-parser@1.20.1,0.0,1.0,1.0,0.0,,,
1.0,npm:type-is@1.6.18,npm:body-parser@1.20.1,0.0,1.0,1.0,0.0,,,
1.0,npm:unpipe@1.0.0,npm:body-parser@1.20.1,0.0,1.0,1.0,0.0,,,
1.0,npm:accepts@1.3.8,npm:express@4.18.2,0.0,1.0,1.0,0.0,,,
1.0,npm:array-flatten@1.1.1,npm:express@4.18.2,0.0,1.0,1.0,0.0,,,
1.0,npm:body-parser@1.20.1,npm:express@4.18.2,0.875,1.0,1.0,0.875,,,
1.0,npm:content-disposition@0.5.4,npm:express@4.18.2,0.0,1.0,1.0,0.0,,,
1.0,npm:content-type@1.0.5,npm:express@4.18.2,0.0,1.0,1.0,0.0,,,
1.0,npm:cookie@0.5.0,npm:express@4.18.2,0.25,1.0,1.0,0.25,,,
1.0,npm:cookie-signature@1.0.6,npm:express@4.18.2,0.0,1.0,1.0,0.0,,,
1.0,npm:debug@2.6.9,npm:express@4.18.2,0.0,1.0,1.0,0.0,,,
1.0,npm:depd@2.0.0,npm:express@4.18.2,0.0,1.0,1.0,0.0,,,
1.0,npm:encodeurl@1.0.2,npm:express@4.18.2,0.0,1.0,1.0,0.0,,,
1.0,npm:escape-html@1.0.3,npm:express@4.18.2,0.0,1.0,1.0,0.0,,,
1.0,npm:etag@1.8.1,npm:express@4.18.2,0.0,1.0,1.0,0.0,,,
1.0,npm:finalhandler@1.2.0,npm:express@4.18.2,0.0,1.0,1.0,0.0,,,
1.0,npm:fresh@0.5.2,npm:express@4.18.2,0.0,1.0,1.0,0.0,,,
1.0,npm:http-errors@2.0.0,npm:express@4.18.2,0.0,1.0,1.0,0.0,,,
1.0,npm:merge-descriptors@1.0.1,npm:express@4.18.2,0.0,1.0,1.0,0.0,,,
1.0,npm:methods@1.1.2,npm:express@4.18.2,0.0,1.0,1.0,0.0,,,
1.0,npm:on-finished@2.4.1,npm:express@4.18.2,0.0,1.0,1.0,0.0,,,
1.0,npm:parseurl@1.3.3,npm:express@4.18.2,0.0,1.0,1.0,0.0,,,
1.0,npm:path-to-regexp@0.1.7,npm:express@4.18.2,0.75,1.0,1.0,0.75,,,
1.0,npm:proxy-addr@2.0.8,npm:express@4.18.2,0.0,1.0,1.0,0.0,,,
1.0,npm:qs@6.11.0,npm:express@4.18.2,0.5,1.0,1.0,0.5,,,
1.0,npm:range-parser@1.2.1,npm:express@4.18.2,0.0,1.0,1.0,0.0,,,
1.0,npm:safe-buffer@5.2.1,npm:express@4.18.2,0.0,1.0,1.0,0.0,,,
1.0,npm:send@0.18.0,npm:express@4.18.2,0.25,1.0,1.0,0.25,,,
1.0,npm:serve-static@1.15.0,npm:express@4.18.2,0.4375,1.0,1.0,0.4375,,,
1.0,npm:setprototypeof@1.2.0,npm:express@4.18.2,0.0,1.0,1.0,0.0,,,
1.0,npm:statuses@2.0.1,npm:express@4.18.2,0.0,1.0,1.0,0.0,,,
1.0,npm:type-is@1.6.18,npm:express@4.18.2,0.0,1.0,1.0,0.0,,,
1.0,npm:utils-merge@1.0.1,npm:express@4.18.2,0.0,1.0,1.0,0.0,,,
1.0,npm:vary@1.1.2,npm:express@4.18.2,0.0,1.0,1.0,0.0,,,
