pct,trial,seed,spearman,top3_jaccard
0.1,0,41,0.9548872180451128,0.2
0.1,1,41,0.9575028883224671,0.5
0.1,2,41,0.9639097744360902,1.0
0.1,3,41,0.9533834586466164,0.2
0.1,4,41,0.9473684210526315,0.5
0.1,5,41,0.8529522980028889,0.2
0.1,6,41,0.9112781954887217,0.5
0.1,7,41,0.9789473684210527,1.0
0.1,8,41,0.9624060150375938,0.5
0.1,9,41,0.9593984962406013,0.5
0.1,10,41,0.9353383458646616,0.2
0.1,11,41,0.918796992481203,0.5
0.1,12,41,0.8721804511278194,0.5
0.1,13,41,0.8840371471250003,1.0
0.1,14,41,0.9849624060150375,1.0
0.1,15,41,0.9488721804511278,0.2
0.1,16,41,0.9729323308270676,1.0
0.1,17,41,0.9639097744360902,0.5
0.1,18,41,0.9684210526315788,0.5
0.1,19,41,0.9605115384036058,0.5
0.1,20,41,0.9142857142857143,0.5
0.1,21,41,0.9548872180451128,0.5
0.1,22,41,0.959759375883321,0.5
0.1,23,41,0.9488721804511278,0.5
0.1,24,41,0.949229100599335,0.5
0.1,25,41,0.9063558369431052,0.5
0.1,26,41,0.9559985632818976,0.5
0.1,27,41,0.9503759398496241,0.5
0.1,28,41,0.9575028883224671,0.5
0.1,29,41,0.9759398496240601,0.5
0.1,30,41,0.9744360902255638,0.5
0.1,31,41,0.9307752823016265,0.5
0.1,32,41,0.9413533834586465,0.5
0.1,33,41,0.9548872180451128,0.5
0.1,34,41,0.9834586466165413,1.0
0.1,35,41,0.9172932330827066,1.0
0.1,36,41,0.8887218045112781,0.5
0.1,37,41,0.9657766760455991,0.2
0.1,38,41,0.9635201884847449,0.5
0.1,39,41,0.9639097744360902,0.5
0.1,40,41,0.8833712056767253,0.5
0.1,41,41,0.8554226568432712,0.5
0.1,42,41,0.9203007518796992,0.5
0.1,43,41,0.9338345864661652,0.5
0.1,44,41,0.9518796992481202,0.2
0.1,45,41,0.9684210526315788,0.5
0.1,46,41,0.9033471868619661,0.5
0.1,47,41,0.8887218045112781,0.2
0.1,48,41,0.9518796992481202,0.5
0.1,49,41,0.9383458646616539,0.5
0.1,50,41,0.8947368421052632,0.2
0.1,51,41,0.9308270676691727,0.5
0.1,52,41,0.9157894736842105,0.5
0.1,53,41,0.9127819548872179,0.5
0.1,54,41,0.9071079994633899,0.2
0.1,55,41,0.9353383458646616,0.5
0.1,56,41,0.956390977443609,1.0
0.1,57,41,0.9729323308270676,1.0
0.1,58,41,0.9443609022556391,0.5
0.1,59,41,0.9458646616541352,0.5
0.1,60,41,0.9097744360902256,0.2
0.1,61,41,0.8962406015037594,0.5
0.1,62,41,0.932330827067669,0.2
0.1,63,41,0.8995863742605424,0.2
0.1,64,41,0.9759398496240601,0.5
0.1,65,41,0.9443609022556391,0.5
0.1,66,41,0.9417074753964876,0.5
0.1,67,41,0.9759398496240601,1.0
0.1,68,41,0.9428571428571428,1.0
0.1,69,41,0.956390977443609,1.0
0.1,70,41,0.8887218045112781,0.2
0.1,71,41,0.9533486521230078,0.5
0.1,72,41,0.9458646616541352,0.5
0.1,73,41,0.9341858501936402,0.2
0.1,74,41,0.9774436090225563,1.0
0.1,75,41,0.9537420757210433,1.0
0.1,76,41,0.9654135338345864,1.0
0.1,77,41,0.9413533834586465,0.5
0.1,78,41,0.9386988253153485,0.5
0.1,79,41,0.934938012713925,0.5
0.1,80,41,0.9458646616541352,0.2
0.1,81,41,0.8908956622838525,0.2
0.1,82,41,0.8975913793637144,1.0
0.1,83,41,0.9097744360902256,1.0
0.1,84,41,0.9157894736842105,0.5
0.1,85,41,0.9624060150375938,1.0
0.1,86,41,0.9458646616541352,0.5
0.1,87,41,0.9680331636064532,1.0
0.1,88,41,0.9304250375922167,0.5
0.1,89,41,0.9514855881601892,0.5
0.1,90,41,0.9263157894736842,0.2
0.1,91,41,0.9789473684210527,1.0
0.1,92,41,0.9609022556390976,0.5
0.1,93,41,0.9428571428571428,0.5
0.1,94,41,0.9710418136875922,1.0
0.1,95,41,0.9639097744360902,0.5
0.1,96,41,0.9473684210526315,0.5
0.1,97,41,0.9578947368421054,0.5
0.1,98,41,0.9157894736842105,0.5
0.1,99,41,0.9368421052631578,0.2
0.1,100,41,0.956390977443609,0.5
0.1,101,41,0.9639097744360902,1.0
0.1,102,41,0.9458646616541352,0.5
0.1,103,41,0.9789473684210527,1.0
0.1,104,41,0.9639097744360902,0.5
0.1,105,41,0.9620158634441753,0.5
0.1,106,41,0.9537420757210433,0.5
0.1,107,41,0.9593984962406013,0.5
0.1,108,41,0.9263157894736842,0.5
0.1,109,41,0.9248120300751879,1.0
0.1,110,41,0.9473684210526315,0.5
0.1,111,41,0.9375472932480409,1.0
0.1,112,41,0.9609022556390976,0.5
0.1,113,41,0.9458646616541352,0.5
0.1,114,41,0.8221136346712147,0.2
0.1,115,41,0.9417074753964876,0.5
0.1,116,41,0.9469726130384807,1.0
0.1,117,41,0.9428571428571428,0.5
0.1,118,41,0.9533834586466164,0.5
0.1,119,41,0.9218045112781955,0.5
0.1,120,41,0.9518796992481202,0.5
0.1,121,41,0.9203007518796992,1.0
0.1,122,41,0.7457640343251293,0.2
0.1,123,41,0.9522377506804738,0.5
0.1,124,41,0.8962406015037594,0.5
0.1,125,41,0.9559985632818976,0.5
0.1,126,41,0.9142857142857143,1.0
0.1,127,41,0.9413533834586465,0.5
0.1,128,41,0.9593984962406013,0.5
0.1,129,41,0.9337850649444772,0.5
0.1,130,41,0.9353383458646616,0.5
0.1,131,41,0.9774436090225563,1.0
0.1,132,41,0.9082706766917292,0.2
0.1,133,41,0.9488721804511278,0.5
0.1,134,41,0.9233082706766916,0.5
0.1,135,41,0.9533834586466164,1.0
0.1,136,41,0.9014299015338305,0.5
0.1,137,41,0.9067669172932331,0.5
0.1,138,41,0.9593984962406013,0.5
0.1,139,41,0.9819548872180449,0.5
0.1,140,41,0.8228657971914994,0.2
0.1,141,41,0.9503759398496241,1.0
0.1,142,41,0.9071079994633899,0.2
0.1,143,41,0.9458646616541352,0.5
0.1,144,41,0.9567507258021823,0.5
0.1,145,41,0.932330827067669,0.5
0.1,146,41,0.8898082614968408,0.2
0.1,147,41,0.818660878855432,0.2
0.1,148,41,0.9417074753964876,0.5
0.1,149,41,0.9533834586466164,1.0
0.1,150,41,0.9774436090225563,1.0
0.1,151,41,0.9293233082706768,0.5
0.1,152,41,0.9353383458646616,0.5
0.1,153,41,0.9198947623082303,0.5
0.1,154,41,0.9183904372676608,0.5
0.1,155,41,0.8627304107665904,0.5
0.1,156,41,0.9473684210526315,0.5
0.1,157,41,0.9789473684210527,0.5
0.1,158,41,0.9477247755587654,1.0
0.1,159,41,0.9278195488721804,0.2
0.1,160,41,0.9172932330827066,0.2
0.1,161,41,0.956390977443609,0.5
0.1,162,41,0.9116209745850982,0.2
0.1,163,41,0.9420619672123172,0.5
0.1,164,41,0.9759398496240601,1.0
0.1,165,41,0.9639097744360902,0.5
0.1,166,41,0.9278195488721804,1.0
0.1,167,41,0.9356901752342097,1.0
0.1,168,41,0.9308270676691727,0.5
0.1,169,41,0.9714285714285714,0.5
0.1,170,41,0.9499812631196197,1.0
0.1,171,41,0.8943212366185493,0.5
0.1,172,41,0.9402031503559181,0.5
0.1,173,41,0.9417074753964876,0.5
0.1,174,41,0.9398496240601503,0.5
0.1,175,41,0.9473684210526315,1.0
0.1,176,41,0.9699248120300751,0.5
0.1,177,41,0.9804511278195487,0.5
0.1,178,41,0.9086123245039592,0.2
0.1,179,41,0.959759375883321,0.5
0.1,180,41,0.9067669172932331,0.2
0.1,181,41,0.9458646616541352,0.5
0.1,182,41,0.9402031503559181,0.5
0.1,183,41,0.9518796992481202,0.5
0.1,184,41,0.9432118004370571,0.5
0.1,185,41,0.9311772001125012,1.0
0.1,186,41,0.9473684210526315,0.5
0.1,187,41,0.9278195488721804,0.5
0.1,188,41,0.9473684210526315,0.2
0.1,189,41,0.9428571428571428,0.5
0.1,190,41,0.869499873449153,0.5
0.1,191,41,0.8980820492199729,0.5
0.1,192,41,0.9308270676691727,0.2
0.1,193,41,0.9383458646616539,0.5
0.1,194,41,0.9488721804511278,0.5
0.1,195,41,0.9443609022556391,0.5
0.1,196,41,0.9544942382413281,0.5
0.1,197,41,0.9248120300751879,0.2
0.1,198,41,0.9443609022556391,0.5
0.1,199,41,0.9022556390977443,0.2
0.1,200,41,0.9669172932330825,1.0
0.1,201,41,0.9191425997879455,0.5
0.1,202,41,0.9097744360902256,0.2
0.1,203,41,0.9383458646616539,0.2
0.1,204,41,0.9202410430516484,1.0
0.1,205,41,0.9642723510050296,0.5
0.1,206,41,0.8902255639097743,0.5
0.1,207,41,0.9383458646616539,0.2
0.1,208,41,0.9684210526315788,1.0
0.1,209,41,0.9413533834586465,0.5
0.1,210,41,0.9624060150375938,0.5
0.1,211,41,0.9368421052631578,0.5
0.1,212,41,0.9281685500313624,0.5
0.1,213,41,0.9172932330827066,0.2
0.1,214,41,0.9684210526315788,0.5
0.1,215,41,0.9669172932330825,1.0
0.1,216,41,0.8683222924624713,0.5
0.1,217,41,0.9518796992481202,0.5
0.1,218,41,0.9650245135253144,1.0
0.1,219,41,0.9665288385658837,1.0
0.1,220,41,0.9443609022556391,0.5
0.1,221,41,0.9221512498690845,0.5
0.1,222,41,0.8812030075187969,0.2
0.1,223,41,0.9669172932330825,1.0
0.1,224,41,0.8845431238548478,0.5
0.1,225,41,0.9624060150375938,0.5
0.1,226,41,0.9729323308270676,0.5
0.1,227,41,0.9206469248285151,0.5
0.1,228,41,0.9428571428571428,0.5
0.1,229,41,0.9507334256399045,0.5
0.1,230,41,0.9845807390527174,1.0
0.1,231,41,0.9488721804511278,0.5
0.1,232,41,0.9398496240601503,0.5
0.1,233,41,0.8872180451127819,0.5
0.1,234,41,0.9203007518796992,1.0
0.1,235,41,0.9263157894736842,0.5
0.1,236,41,0.9356901752342097,0.5
0.1,237,41,0.9548872180451128,0.5
0.1,238,41,0.8875517739359867,0.2
0.1,239,41,0.9413533834586465,0.5
0.1,240,41,0.9518796992481202,1.0
0.1,241,41,0.9473684210526315,0.5
0.1,242,41,0.9353383458646616,1.0
0.1,243,41,0.8935690740982646,0.5
0.1,244,41,0.9338345864661652,0.5
0.1,245,41,0.9221512498690845,0.5
0.1,246,41,0.9203007518796992,0.5
0.1,247,41,0.9695374886470227,0.5
0.1,248,41,0.9503759398496241,0.5
0.1,249,41,0.8992481203007519,0.5
0.1,250,41,0.9263157894736842,0.2
0.1,251,41,0.9278195488721804,0.5
0.1,252,41,0.9548872180451128,0.5
0.1,253,41,0.9398496240601503,0.5
0.1,254,41,0.9477247755587654,0.5
0.1,255,41,0.9233082706766916,0.5
0.1,256,41,0.9203007518796992,0.5
0.1,257,41,0.9669172932330825,1.0
0.1,258,41,0.9699248120300751,1.0
0.1,259,41,0.9590072133630366,0.5
0.1,260,41,0.9552464007616128,1.0
0.1,261,41,0.9503759398496241,0.5
0.1,262,41,0.9559985632818976,0.5
0.1,263,41,0.9439639629573419,0.5
0.1,264,41,0.9319293626327859,0.5
0.1,265,41,0.9398496240601503,0.5
0.1,266,41,0.9266642249907929,1.0
0.1,267,41,0.9729323308270676,1.0
0.1,268,41,0.9759398496240601,0.5
0.1,269,41,0.8980820492199729,0.2
0.1,270,41,0.9684210526315788,0.5
0.1,271,41,0.9684210526315788,0.5
0.1,272,41,0.9605115384036058,0.5
0.1,273,41,0.9612637009238906,1.0
0.1,274,41,0.9278195488721804,0.5
0.1,275,41,0.9518796992481202,0.5
0.1,276,41,0.9654135338345864,1.0
0.1,277,41,0.9748026262890159,0.5
0.1,278,41,0.9413533834586465,0.5
0.1,279,41,0.9443609022556391,0.5
0.1,280,41,0.9458646616541352,0.5
0.1,281,41,0.9642723510050296,0.5
0.1,282,41,0.9714285714285714,0.5
0.1,283,41,0.9142857142857143,0.5
0.1,284,41,0.9533834586466164,0.5
0.1,285,41,0.9233082706766916,0.5
0.1,286,41,0.9071079994633899,0.5
0.1,287,41,0.908201912480245,0.5
0.1,288,41,0.9311772001125012,0.5
0.1,289,41,0.9533834586466164,0.2
0.1,290,41,0.9488339781587316,0.2
0.1,291,41,0.9218045112781955,1.0
0.1,292,41,0.9635201884847449,1.0
0.1,293,41,0.9518796992481202,0.2
0.1,294,41,0.956390977443609,0.5
0.1,295,41,0.9364423377544945,1.0
0.1,296,41,0.9432118004370571,0.5
0.1,297,41,0.924003271355212,1.0
0.1,298,41,0.8863809883195765,0.2
0.1,299,41,0.9097744360902256,0.5
0.1,300,41,0.9293233082706768,0.2
0.1,301,41,0.9507334256399045,0.5
0.1,302,41,0.9443609022556391,1.0
0.1,303,41,0.9278195488721804,0.2
0.1,304,41,0.9488721804511278,0.5
0.1,305,41,0.9669172932330825,1.0
0.1,306,41,0.9251598999502234,0.5
0.1,307,41,0.9548872180451128,0.5
0.1,308,41,0.9559985632818976,1.0
0.1,309,41,0.9319293626327859,1.0
0.1,310,41,0.9293233082706768,0.5
0.1,311,41,0.9386988253153485,0.5
0.1,312,41,0.8406015037593983,0.2
0.1,313,41,0.9383458646616539,0.5
0.1,314,41,0.9593984962406013,0.5
0.1,315,41,0.9131252996256676,0.5
0.1,316,41,0.9432118004370571,0.5
0.1,317,41,0.9191425997879455,0.5
0.1,318,41,0.9138774621459523,0.5
0.1,319,41,0.9458646616541352,0.5
0.1,320,41,0.9669172932330825,0.5
0.1,321,41,0.9127819548872179,0.5
0.1,322,41,0.9308270676691727,0.5
0.1,323,41,0.9593984962406013,0.5
0.1,324,41,0.918796992481203,0.2
0.1,325,41,0.9218045112781955,0.5
0.1,326,41,0.9684210526315788,1.0
0.1,327,41,0.9233082706766916,0.5
0.1,328,41,0.932330827067669,0.5
0.1,329,41,0.9514855881601892,0.5
0.1,330,41,0.9488721804511278,0.5
0.1,331,41,0.8992481203007519,0.2
0.1,332,41,0.8992481203007519,0.5
0.1,333,41,0.8770214986520004,0.2
0.1,334,41,0.9819548872180449,1.0
0.1,335,41,0.932330827067669,0.5
0.1,336,41,0.8747650110911461,0.5
0.1,337,41,0.849624060150376,0.2
0.1,338,41,0.8988342117402577,0.5
0.1,339,41,0.9277654996587756,1.0
0.1,340,41,0.9308270676691727,0.2
0.1,341,41,0.9744360902255638,0.5
0.1,342,41,0.9714285714285714,0.5
0.1,343,41,0.9048515119025357,0.2
0.1,344,41,0.9518796992481202,0.5
0.1,345,41,0.9488721804511278,1.0
0.1,346,41,0.9353383458646616,0.2
0.1,347,41,0.9218045112781955,0.5
0.1,348,41,0.9488721804511278,0.5
0.1,349,41,0.9804511278195487,1.0
0.1,350,41,0.9578947368421054,0.5
0.1,351,41,0.9443609022556391,1.0
0.1,352,41,0.9244077374299386,0.5
0.1,353,41,0.918796992481203,0.5
0.1,354,41,0.9669172932330825,0.5
0.1,355,41,0.9417074753964876,0.5
0.1,356,41,0.9714285714285714,1.0
0.1,357,41,0.9003385367808272,0.5
0.1,358,41,0.9503759398496241,0.5
0.1,359,41,0.9413533834586465,0.5
0.1,360,41,0.9443609022556391,1.0
0.1,361,41,0.9593984962406013,1.0
0.1,362,41,0.9082706766917292,0.5
0.1,363,41,0.9624060150375938,0.5
0.1,364,41,0.9578947368421054,0.5
0.1,365,41,0.9266642249907929,0.5
0.1,366,41,0.900751879699248,0.5
0.1,367,41,0.9609022556390976,1.0
0.1,368,41,0.900751879699248,0.5
0.1,369,41,0.9744360902255638,0.5
0.1,370,41,0.9684210526315788,0.5
0.1,371,41,0.9567507258021823,0.5
0.1,372,41,0.9729323308270676,0.5
0.1,373,41,0.9383458646616539,0.5
0.1,374,41,0.9101166495445288,0.2
0.1,375,41,0.9308270676691727,0.5
0.1,376,41,0.9654135338345864,1.0
0.1,377,41,0.9447161254776266,0.5
0.1,378,41,0.9356901752342097,0.5
0.1,379,41,0.9627680259644601,0.5
0.1,380,41,0.9548872180451128,0.5
0.1,381,41,0.8526315789473683,0.5
0.1,382,41,0.8676691729323308,0.2
0.1,383,41,0.9383458646616539,0.5
0.1,384,41,0.9714285714285714,1.0
0.1,385,41,0.9424596379167723,0.5
0.1,386,41,0.8792779862128546,0.5
0.1,387,41,0.9582550508427519,0.5
0.1,388,41,0.9669172932330825,0.5
0.1,389,41,0.929672875071932,0.5
0.1,390,41,0.9157894736842105,1.0
0.1,391,41,0.9518796992481202,0.5
0.1,392,41,0.9233082706766916,0.5
0.1,393,41,0.9559985632818976,0.5
0.1,394,41,0.9383458646616539,0.5
0.1,395,41,0.9593984962406013,1.0
0.1,396,41,0.9443609022556391,0.2
0.1,397,41,0.9371945002747791,0.5
0.1,398,41,0.9702896511673075,1.0
0.1,399,41,0.9503759398496241,0.5
0.1,400,41,0.9263157894736842,0.5
0.1,401,41,0.9567507258021823,0.5
0.1,402,41,0.9428144128730298,0.5
0.1,403,41,0.9639097744360902,0.2
0.1,404,41,0.930723947058348,0.5
0.1,405,41,0.9654135338345864,0.2
0.1,406,41,0.9503759398496241,0.5
0.1,407,41,0.932330827067669,0.5
0.1,408,41,0.9248120300751879,0.5
0.1,409,41,0.9330326192837645,0.5
0.1,410,41,0.8902255639097743,0.5
0.1,411,41,0.9443609022556391,1.0
0.1,412,41,0.9639097744360902,0.5
0.1,413,41,0.9699248120300751,1.0
0.1,414,41,0.9368421052631578,0.5
0.1,415,41,0.959759375883321,1.0
0.1,416,41,0.9612637009238906,0.5
0.1,417,41,0.9368421052631578,0.5
0.1,418,41,0.9669172932330825,0.5
0.1,419,41,0.9714285714285714,1.0
0.1,420,41,0.9338345864661652,0.5
0.1,421,41,0.950338869480157,0.5
0.1,422,41,0.9533834586466164,0.5
0.1,423,41,0.9624060150375938,1.0
0.1,424,41,0.9503759398496241,1.0
0.1,425,41,0.9684210526315788,0.5
0.1,426,41,0.9624060150375938,0.5
0.1,427,41,0.956390977443609,0.5
0.1,428,41,0.9454682879979112,0.5
0.1,429,41,0.9383458646616539,0.5
0.1,430,41,0.9390521845694662,0.5
0.1,431,41,0.9304250375922167,0.5
0.1,432,41,0.9221512498690845,0.5
0.1,433,41,0.9548872180451128,0.5
0.1,434,41,0.8837909613345629,0.5
0.1,435,41,0.8687477109288683,0.5
0.1,436,41,0.932330827067669,0.5
0.1,437,41,0.9567507258021823,0.5
0.1,438,41,0.9086123245039592,0.5
0.1,439,41,0.9462204505181959,1.0
0.1,440,41,0.9473684210526315,0.5
0.1,441,41,0.9368421052631578,0.5
0.1,442,41,0.9729323308270676,1.0
0.1,443,41,0.9293233082706768,0.5
0.1,444,41,0.9371945002747791,0.5
0.1,445,41,0.9488721804511278,0.5
0.1,446,41,0.9593984962406013,1.0
0.1,447,41,0.9131252996256676,0.5
0.1,448,41,0.9413533834586465,0.5
0.1,449,41,0.956390977443609,0.5
0.1,450,41,0.9609022556390976,0.5
0.1,451,41,0.9338345864661652,0.2
0.1,452,41,0.9218045112781955,0.5
0.1,453,41,0.917638274747376,0.5
0.1,454,41,0.9548872180451128,0.2
0.1,455,41,0.9612637009238906,1.0
0.1,456,41,0.9142857142857143,0.2
0.1,457,41,0.956390977443609,0.5
0.1,458,41,0.9624060150375938,1.0
0.1,459,41,0.9356901752342097,0.5
0.1,460,41,0.8935690740982646,0.2
0.1,461,41,0.9263157894736842,0.2
0.1,462,41,0.9593984962406013,0.5
0.1,463,41,0.9443609022556391,0.5
0.1,464,41,0.9864661654135337,1.0
0.1,465,41,0.9804511278195487,1.0
0.1,466,41,0.9518796992481202,0.5
0.1,467,41,0.9263157894736842,0.2
0.1,468,41,0.9382997389087534,0.5
0.1,469,41,0.9789473684210527,1.0
0.1,470,41,0.9639097744360902,0.2
0.1,471,41,0.9338345864661652,0.5
0.1,472,41,0.9578947368421054,0.5
0.1,473,41,0.9488721804511278,0.5
0.1,474,41,0.9458646616541352,0.5
0.1,475,41,0.909364487024244,0.5
0.1,476,41,0.9548872180451128,0.2
0.1,477,41,0.9371945002747791,0.5
0.1,478,41,0.8992481203007519,0.5
0.1,479,41,0.9308270676691727,0.5
0.1,480,41,0.9684210526315788,0.5
0.1,481,41,0.9714285714285714,0.5
0.1,482,41,0.9488721804511278,0.2
0.1,483,41,0.9116209745850982,0.5
0.1,484,41,0.9473684210526315,0.5
0.1,485,41,0.9714285714285714,0.5
0.1,486,41,0.9744360902255638,0.5
0.1,487,41,0.9413533834586465,0.2
0.1,488,41,0.9548872180451128,0.5
0.1,489,41,0.9469726130384807,0.5
0.1,490,41,0.9413533834586465,0.5
0.1,491,41,0.932330827067669,0.5
0.1,492,41,0.9138774621459523,0.5
0.1,493,41,0.9503759398496241,0.5
0.1,494,41,0.9443609022556391,0.2
0.1,495,41,0.9168861122270913,0.5
0.1,496,41,0.917638274747376,0.2
0.1,497,41,0.9454682879979112,0.5
0.1,498,41,0.9413533834586465,0.5
0.1,499,41,0.971793976207877,1.0
0.1,500,41,0.9473684210526315,0.2
0.1,501,41,0.9533834586466164,0.5
0.1,502,41,0.9458646616541352,0.5
0.1,503,41,0.9744360902255638,1.0
0.1,504,41,0.9233082706766916,0.5
0.1,505,41,0.9533486521230078,0.5
0.1,506,41,0.9233082706766916,0.5
0.1,507,41,0.9233082706766916,0.5
0.1,508,41,0.9443609022556391,0.2
0.1,509,41,0.9443609022556391,0.5
0.1,510,41,0.9642723510050296,0.5
0.1,511,41,0.9469726130384807,0.5
0.1,512,41,0.9669172932330825,0.5
0.1,513,41,0.9665288385658837,0.5
0.1,514,41,0.9458646616541352,1.0
0.1,515,41,0.9477247755587654,0.5
0.1,516,41,0.956390977443609,0.2
0.1,517,41,0.9394509878356333,0.5
0.1,518,41,0.9593984962406013,0.5
0.1,519,41,0.9639097744360902,0.2
0.1,520,41,0.9578947368421054,0.5
0.1,521,41,0.9578947368421054,0.5
0.1,522,41,0.9503759398496241,0.2
0.1,523,41,0.9413533834586465,0.5
0.1,524,41,0.9642723510050296,0.5
0.1,525,41,0.9428571428571428,0.5
0.1,526,41,0.918796992481203,0.5
0.1,527,41,0.9729323308270676,1.0
0.1,528,41,0.9609022556390976,0.5
0.1,529,41,0.9304250375922167,0.5
0.1,530,41,0.9292703909802011,0.5
0.1,531,41,0.9458646616541352,1.0
0.1,532,41,0.8747650110911461,0.5
0.1,533,41,0.9338345864661652,0.5
0.1,534,41,0.9293233082706768,0.5
0.1,535,41,0.9142857142857143,0.5
0.1,536,41,0.8902255639097743,0.2
0.1,537,41,0.9352899562659026,0.5
0.1,538,41,0.9744360902255638,0.5
0.1,539,41,0.9432118004370571,1.0
0.1,540,41,0.8646616541353382,0.5
0.1,541,41,0.9458646616541352,0.2
0.1,542,41,0.9040993493822509,0.2
0.1,543,41,0.8466165413533834,0.2
0.1,544,41,0.9699248120300751,1.0
0.1,545,41,0.9233082706766916,1.0
0.1,546,41,0.8845431238548478,0.5
0.1,547,41,0.9507334256399045,0.5
0.1,548,41,0.8883039364562715,0.2
0.1,549,41,0.9203007518796992,0.2
0.1,550,41,0.9744360902255638,0.5
0.1,551,41,0.900751879699248,0.2
0.1,552,41,0.8619782482463056,0.2
0.1,553,41,0.9834586466165413,0.5
0.1,554,41,0.9699248120300751,0.5
0.1,555,41,0.9548872180451128,0.5
0.1,556,41,0.9578947368421054,1.0
0.1,557,41,0.9665288385658837,1.0
0.1,558,41,0.9609022556390976,1.0
0.1,559,41,0.9142857142857143,0.2
0.1,560,41,0.9533834586466164,1.0
0.1,561,41,0.8657390608477294,0.5
0.1,562,41,0.9398496240601503,0.5
0.1,563,41,0.9469726130384807,0.5
0.1,564,41,0.956390977443609,0.5
0.1,565,41,0.9398496240601503,0.5
0.1,566,41,0.9684210526315788,1.0
0.1,567,41,0.9161339497068066,0.5
0.1,568,41,0.9624060150375938,0.5
0.1,569,41,0.8890560989765562,0.2
0.1,570,41,0.9639097744360902,1.0
0.1,571,41,0.9142857142857143,1.0
0.1,572,41,0.9503759398496241,0.2
0.1,573,41,0.9458646616541352,0.5
0.1,574,41,0.9443609022556391,0.5
0.1,575,41,0.8875517739359867,0.2
0.1,576,41,0.9232508256944993,0.5
0.1,577,41,0.9684210526315788,0.5
0.1,578,41,0.9699248120300751,0.5
0.1,579,41,0.956390977443609,1.0
0.1,580,41,0.9037593984962405,0.5
0.1,581,41,0.9624060150375938,0.2
0.1,582,41,0.9428571428571428,0.5
0.1,583,41,0.908201912480245,0.2
0.1,584,41,0.9308270676691727,0.5
0.1,585,41,0.9338345864661652,0.2
0.1,586,41,0.9503759398496241,0.5
0.1,587,41,0.9248120300751879,0.5
0.1,588,41,0.9608731087301349,0.5
0.1,589,41,0.9353383458646616,0.5
0.1,590,41,0.9488721804511278,0.5
0.1,591,41,0.9458646616541352,0.5
0.1,592,41,0.9473684210526315,0.5
0.1,593,41,0.7639097744360903,0.2
0.1,594,41,0.9729323308270676,1.0
0.1,595,41,0.9533834586466164,1.0
0.1,596,41,0.8905604240171255,0.5
0.1,597,41,0.9187361517302229,0.5
0.1,598,41,0.9533834586466164,0.5
0.1,599,41,0.9864661654135337,0.5
